Step,Akṣara,Pitch_Waveform,Recoil_Burst,Vowel_Length,Kinetic_Intensity,Row_Load,Cumulative_Load
1,ō-,⚪🟢⚪,🟢⚪⚪,🟢🟢⚪⚪⚪⚪,🟢🟢⚪⚪⚪⚪⚪⚪⚪⚪,2.0,2.0
2,nna-,⚪🟢⚪,🟢🟢⚪,🟢⚪⚪⚪⚪⚪,🟢🟢⚪⚪⚪⚪⚪⚪⚪⚪,2.0,4.0
3,mō,⚪🟢⚪,🟢⚪⚪,🟢🟢⚪⚪⚪⚪,🟢🟢⚪⚪⚪⚪⚪⚪⚪⚪,2.0,6.0
4,bha,⚪🟢⚪,🟢🟢🔴,🟢⚪⚪⚪⚪⚪,🟢🟢🟢⚪⚪⚪⚪⚪⚪⚪,3.0,9.0
5,ga,⚪🟢⚪,🟢⚪⚪,🟢⚪⚪⚪⚪⚪,🟢⚪⚪⚪⚪⚪⚪⚪⚪⚪,1.0,10.0
6,va,⚪🟢⚪,🟢⚪⚪,🟢⚪⚪⚪⚪⚪,🟢⚪⚪⚪⚪⚪⚪⚪⚪⚪,1.0,11.0
7,tē̍,⚪⚪🔴,🟢⚪⚪,🟢🟢⚪⚪⚪⚪,🟢🟢🟢⚪⚪⚪⚪⚪⚪⚪,3.0,14.0
8,rud,⚪🟢⚪,🟢⚪⚪,🟢⚪⚪⚪⚪⚪,🟢⚪⚪⚪⚪⚪⚪⚪⚪⚪,1.0,15.0
9,rā̠,🟡⚪⚪,🟢⚪⚪,🟢🟢⚪⚪⚪⚪,🟢🟢⚪⚪⚪⚪⚪⚪⚪⚪,2.0,17.0
10,ya,⚪🟢⚪,🟢⚪⚪,🟢⚪⚪⚪⚪⚪,🟢⚪⚪⚪⚪⚪⚪⚪⚪⚪,1.0,18.0
11,॥,⚫⚫⚫,⚫⚫⚫,⚫⚫⚫⚫⚫⚫,⚫⚫⚫⚫⚫⚫⚫⚫⚫⚫,0.0,0.0
12,na,⚪🟢⚪,🟢⚪⚪,🟢⚪⚪⚪⚪⚪,🟢⚪⚪⚪⚪⚪⚪⚪⚪⚪,1.0,1.0
13,ma̍s,⚪⚪🔴,🟢⚪⚪,🟢⚪⚪⚪⚪⚪,🟢🟢⚪⚪⚪⚪⚪⚪⚪⚪,2.0,3.0
14,tē,⚪🟢⚪,🟢⚪⚪,🟢🟢⚪⚪⚪⚪,🟢🟢⚪⚪⚪⚪⚪⚪⚪⚪,2.0,5.0
15,rud,⚪🟢⚪,🟢⚪⚪,🟢⚪⚪⚪⚪⚪,🟢⚪⚪⚪⚪⚪⚪⚪⚪⚪,1.0,6.0
16,ra,⚪🟢⚪,🟢⚪⚪,🟢⚪⚪⚪⚪⚪,🟢⚪⚪⚪⚪⚪⚪⚪⚪⚪,1.0,7.0
17,ma̠n,🟡⚪⚪,🟢⚪⚪,🟢⚪⚪⚪⚪⚪,🟢⚪⚪⚪⚪⚪⚪⚪⚪⚪,1.0,8.0
18,ya,⚪🟢⚪,🟢⚪⚪,🟢⚪⚪⚪⚪⚪,🟢⚪⚪⚪⚪⚪⚪⚪⚪⚪,1.0,9.0
19,va̍,⚪⚪🔴,🟢⚪⚪,🟢⚪⚪⚪⚪⚪,🟢🟢⚪⚪⚪⚪⚪⚪⚪⚪,2.0,11.0
20,u̠,🟡⚪⚪,🟢⚪⚪,🟢⚪⚪⚪⚪⚪,🟢⚪⚪⚪⚪⚪⚪⚪⚪⚪,1.0,12.0
21,tō,⚪🟢⚪,🟢⚪⚪,🟢🟢⚪⚪⚪⚪,🟢🟢⚪⚪⚪⚪⚪⚪⚪⚪,2.0,14.0
22,ta̠,🟡⚪⚪,🟢⚪⚪,🟢⚪⚪⚪⚪⚪,🟢⚪⚪⚪⚪⚪⚪⚪⚪⚪,1.0,15.0
23,i,⚪🟢⚪,🟢⚪⚪,🟢⚪⚪⚪⚪⚪,🟢⚪⚪⚪⚪⚪⚪⚪⚪⚪,1.0,16.0
24,ṣa̍,⚪⚪🔴,🟢⚪⚪,🟢⚪⚪⚪⚪⚪,🟢🟢⚪⚪⚪⚪⚪⚪⚪⚪,2.0,18.0
25,vē̠,🟡⚪⚪,🟢⚪⚪,🟢🟢⚪⚪⚪⚪,🟢🟢⚪⚪⚪⚪⚪⚪⚪⚪,2.0,20.0
26,na,⚪🟢⚪,🟢⚪⚪,🟢⚪⚪⚪⚪⚪,🟢⚪⚪⚪⚪⚪⚪⚪⚪⚪,1.0,21.0
27,ma̍ḥ,⚪⚪🔴,🟢🟢🔴,🟢⚪⚪⚪⚪⚪,🟢🟢🟢🟢⚪⚪⚪⚪⚪⚪,4.0,25.0
28,।,⚫⚫⚫,⚫⚫⚫,⚫⚫⚫⚫⚫⚫,⚫⚫⚫⚫⚫⚫⚫⚫⚫⚫,0.0,0.0
29,na,⚪🟢⚪,🟢⚪⚪,🟢⚪⚪⚪⚪⚪,🟢⚪⚪⚪⚪⚪⚪⚪⚪⚪,1.0,1.0
30,ma̍s,⚪⚪🔴,🟢⚪⚪,🟢⚪⚪⚪⚪⚪,🟢🟢⚪⚪⚪⚪⚪⚪⚪⚪,2.0,3.0
31,tē,⚪🟢⚪,🟢⚪⚪,🟢🟢⚪⚪⚪⚪,🟢🟢⚪⚪⚪⚪⚪⚪⚪⚪,2.0,5.0
32,as,⚪🟢⚪,🟢⚪⚪,🟢⚪⚪⚪⚪⚪,🟢⚪⚪⚪⚪⚪⚪⚪⚪⚪,1.0,6.0
33,tu̠,🟡⚪⚪,🟢⚪⚪,🟢⚪⚪⚪⚪⚪,🟢⚪⚪⚪⚪⚪⚪⚪⚪⚪,1.0,7.0
34,dhan,⚪🟢⚪,🟢🟢🔴,🟢⚪⚪⚪⚪⚪,🟢🟢🟢⚪⚪⚪⚪⚪⚪⚪,3.0,10.0
35,va̍,⚪⚪🔴,🟢⚪⚪,🟢⚪⚪⚪⚪⚪,🟢🟢⚪⚪⚪⚪⚪⚪⚪⚪,2.0,12.0
36,nē,⚪🟢⚪,🟢⚪⚪,🟢🟢⚪⚪⚪⚪,🟢🟢⚪⚪⚪⚪⚪⚪⚪⚪,2.0,14.0
37,bā̠,🟡⚪⚪,🟢⚪⚪,🟢🟢⚪⚪⚪⚪,🟢🟢⚪⚪⚪⚪⚪⚪⚪⚪,2.0,16.0
38,hubh,⚪🟢⚪,🟢⚪⚪,🟢⚪⚪⚪⚪⚪,🟢⚪⚪⚪⚪⚪⚪⚪⚪⚪,1.0,17.0
39,yā̍,⚪⚪🔴,🟢⚪⚪,🟢🟢⚪⚪⚪⚪,🟢🟢🟢⚪⚪⚪⚪⚪⚪⚪,3.0,20.0
40,mu̠,🟡⚪⚪,🟢⚪⚪,🟢⚪⚪⚪⚪⚪,🟢⚪⚪⚪⚪⚪⚪⚪⚪⚪,1.0,21.0
41,ta,⚪🟢⚪,🟢⚪⚪,🟢⚪⚪⚪⚪⚪,🟢⚪⚪⚪⚪⚪⚪⚪⚪⚪,1.0,22.0
42,tē̠,🟡⚪⚪,🟢⚪⚪,🟢🟢⚪⚪⚪⚪,🟢🟢⚪⚪⚪⚪⚪⚪⚪⚪,2.0,24.0
43,na,⚪🟢⚪,🟢⚪⚪,🟢⚪⚪⚪⚪⚪,🟢⚪⚪⚪⚪⚪⚪⚪⚪⚪,1.0,25.0
44,ma̍ḥ,⚪⚪🔴,🟢🟢🔴,🟢⚪⚪⚪⚪⚪,🟢🟢🟢🟢⚪⚪⚪⚪⚪⚪,4.0,29.0
45,॥,⚫⚫⚫,⚫⚫⚫,⚫⚫⚫⚫⚫⚫,⚫⚫⚫⚫⚫⚫⚫⚫⚫⚫,0.0,0.0
46,yā,⚪🟢⚪,🟢⚪⚪,🟢🟢⚪⚪⚪⚪,🟢🟢⚪⚪⚪⚪⚪⚪⚪⚪,2.0,2.0
47,ta̠,🟡⚪⚪,🟢⚪⚪,🟢⚪⚪⚪⚪⚪,🟢⚪⚪⚪⚪⚪⚪⚪⚪⚪,1.0,3.0
48,i,⚪🟢⚪,🟢⚪⚪,🟢⚪⚪⚪⚪⚪,🟢⚪⚪⚪⚪⚪⚪⚪⚪⚪,1.0,4.0
49,ṣu̍-,⚪⚪🔴,🟢⚪⚪,🟢⚪⚪⚪⚪⚪,🟢🟢⚪⚪⚪⚪⚪⚪⚪⚪,2.0,6.0
50,śśi̠,🟡⚪⚪,🟢⚪⚪,🟢⚪⚪⚪⚪⚪,🟢⚪⚪⚪⚪⚪⚪⚪⚪⚪,1.0,7.0
51,va,⚪🟢⚪,🟢⚪⚪,🟢⚪⚪⚪⚪⚪,🟢⚪⚪⚪⚪⚪⚪⚪⚪⚪,1.0,8.0
52,ta̍,⚪⚪🔴,🟢⚪⚪,🟢⚪⚪⚪⚪⚪,🟢🟢⚪⚪⚪⚪⚪⚪⚪⚪,2.0,10.0
53,mā,⚪🟢⚪,🟢⚪⚪,🟢🟢⚪⚪⚪⚪,🟢🟢⚪⚪⚪⚪⚪⚪⚪⚪,2.0,12.0
54,śi̠,🟡⚪⚪,🟢⚪⚪,🟢⚪⚪⚪⚪⚪,🟢⚪⚪⚪⚪⚪⚪⚪⚪⚪,1.0,13.0
55,va-,⚪🟢⚪,🟢⚪⚪,🟢⚪⚪⚪⚪⚪,🟢⚪⚪⚪⚪⚪⚪⚪⚪⚪,1.0,14.0
56,mba̠b,🟡⚪⚪,🟢🟢⚪,🟢⚪⚪⚪⚪⚪,🟢🟢⚪⚪⚪⚪⚪⚪⚪⚪,2.0,16.0
57,hū,⚪🟢⚪,🟢⚪⚪,🟢🟢⚪⚪⚪⚪,🟢🟢⚪⚪⚪⚪⚪⚪⚪⚪,2.0,18.0
58,va̍,⚪⚪🔴,🟢⚪⚪,🟢⚪⚪⚪⚪⚪,🟢🟢⚪⚪⚪⚪⚪⚪⚪⚪,2.0,20.0
59,tē̠,🟡⚪⚪,🟢⚪⚪,🟢🟢⚪⚪⚪⚪,🟢🟢⚪⚪⚪⚪⚪⚪⚪⚪,2.0,22.0
60,dha,⚪🟢⚪,🟢🟢🔴,🟢⚪⚪⚪⚪⚪,🟢🟢🟢⚪⚪⚪⚪⚪⚪⚪,3.0,25.0
61,nu̍ḥ,⚪⚪🔴,🟢🟢🔴,🟢⚪⚪⚪⚪⚪,🟢🟢🟢🟢⚪⚪⚪⚪⚪⚪,4.0,29.0
62,।,⚫⚫⚫,⚫⚫⚫,⚫⚫⚫⚫⚫⚫,⚫⚫⚫⚫⚫⚫⚫⚫⚫⚫,0.0,0.0
63,śi̠,🟡⚪⚪,🟢⚪⚪,🟢⚪⚪⚪⚪⚪,🟢⚪⚪⚪⚪⚪⚪⚪⚪⚪,1.0,1.0
64,vā,⚪🟢⚪,🟢⚪⚪,🟢🟢⚪⚪⚪⚪,🟢🟢⚪⚪⚪⚪⚪⚪⚪⚪,2.0,3.0
65,śa̍,⚪⚪🔴,🟢⚪⚪,🟢⚪⚪⚪⚪⚪,🟢🟢⚪⚪⚪⚪⚪⚪⚪⚪,2.0,5.0
66,ra̠v,🟡⚪⚪,🟢⚪⚪,🟢⚪⚪⚪⚪⚪,🟢⚪⚪⚪⚪⚪⚪⚪⚪⚪,1.0,6.0
67,yā̍,⚪⚪🔴,🟢⚪⚪,🟢🟢⚪⚪⚪⚪,🟢🟢🟢⚪⚪⚪⚪⚪⚪⚪,3.0,9.0
68,yā,⚪🟢⚪,🟢⚪⚪,🟢🟢⚪⚪⚪⚪,🟢🟢⚪⚪⚪⚪⚪⚪⚪⚪,2.0,11.0
69,ta,⚪🟢⚪,🟢⚪⚪,🟢⚪⚪⚪⚪⚪,🟢⚪⚪⚪⚪⚪⚪⚪⚪⚪,1.0,12.0
70,va̠,🟡⚪⚪,🟢⚪⚪,🟢⚪⚪⚪⚪⚪,🟢⚪⚪⚪⚪⚪⚪⚪⚪⚪,1.0,13.0
71,ta,⚪🟢⚪,🟢⚪⚪,🟢⚪⚪⚪⚪⚪,🟢⚪⚪⚪⚪⚪⚪⚪⚪⚪,1.0,14.0
72,yā̍,⚪⚪🔴,🟢⚪⚪,🟢🟢⚪⚪⚪⚪,🟢🟢🟢⚪⚪⚪⚪⚪⚪⚪,3.0,17.0
73,nō,⚪🟢⚪,🟢⚪⚪,🟢🟢⚪⚪⚪⚪,🟢🟢⚪⚪⚪⚪⚪⚪⚪⚪,2.0,19.0
74,rud,⚪🟢⚪,🟢⚪⚪,🟢⚪⚪⚪⚪⚪,🟢⚪⚪⚪⚪⚪⚪⚪⚪⚪,1.0,20.0
75,ra,⚪🟢⚪,🟢⚪⚪,🟢⚪⚪⚪⚪⚪,🟢⚪⚪⚪⚪⚪⚪⚪⚪⚪,1.0,21.0
76,mṛḍa,⚪🟢⚪,🟢⚪⚪,🟢⚪⚪⚪⚪⚪,🟢⚪⚪⚪⚪⚪⚪⚪⚪⚪,1.0,22.0
77,ya,⚪🟢⚪,🟢⚪⚪,🟢⚪⚪⚪⚪⚪,🟢⚪⚪⚪⚪⚪⚪⚪⚪⚪,1.0,23.0
78,।,⚫⚫⚫,⚫⚫⚫,⚫⚫⚫⚫⚫⚫,⚫⚫⚫⚫⚫⚫⚫⚫⚫⚫,0.0,0.0
79,yā,⚪🟢⚪,🟢⚪⚪,🟢🟢⚪⚪⚪⚪,🟢🟢⚪⚪⚪⚪⚪⚪⚪⚪,2.0,2.0
80,tē̍,⚪⚪🔴,🟢⚪⚪,🟢🟢⚪⚪⚪⚪,🟢🟢🟢⚪⚪⚪⚪⚪⚪⚪,3.0,5.0
81,rud,⚪🟢⚪,🟢⚪⚪,🟢⚪⚪⚪⚪⚪,🟢⚪⚪⚪⚪⚪⚪⚪⚪⚪,1.0,6.0
82,ra,⚪🟢⚪,🟢⚪⚪,🟢⚪⚪⚪⚪⚪,🟢⚪⚪⚪⚪⚪⚪⚪⚪⚪,1.0,7.0
83,śi̠,🟡⚪⚪,🟢⚪⚪,🟢⚪⚪⚪⚪⚪,🟢⚪⚪⚪⚪⚪⚪⚪⚪⚪,1.0,8.0
84,vā,⚪🟢⚪,🟢⚪⚪,🟢🟢⚪⚪⚪⚪,🟢🟢⚪⚪⚪⚪⚪⚪⚪⚪,2.0,10.0
85,ta̠,🟡⚪⚪,🟢⚪⚪,🟢⚪⚪⚪⚪⚪,🟢⚪⚪⚪⚪⚪⚪⚪⚪⚪,1.0,11.0
86,nū,⚪🟢⚪,🟢⚪⚪,🟢🟢⚪⚪⚪⚪,🟢🟢⚪⚪⚪⚪⚪⚪⚪⚪,2.0,13.0
87,rag,⚪🟢⚪,🟢⚪⚪,🟢⚪⚪⚪⚪⚪,🟢⚪⚪⚪⚪⚪⚪⚪⚪⚪,1.0,14.0
88,hō̠,🟡⚪⚪,🟢⚪⚪,🟢🟢⚪⚪⚪⚪,🟢🟢⚪⚪⚪⚪⚪⚪⚪⚪,2.0,16.0
89,rā-,⚪🟢⚪,🟢⚪⚪,🟢🟢⚪⚪⚪⚪,🟢🟢⚪⚪⚪⚪⚪⚪⚪⚪,2.0,18.0
90,'pā̍,⚪⚪🔴,🟢⚪⚪,🟢🟢⚪⚪⚪⚪,🟢🟢🟢⚪⚪⚪⚪⚪⚪⚪,3.0,21.0
91,pa,⚪🟢⚪,🟢⚪⚪,🟢⚪⚪⚪⚪⚪,🟢⚪⚪⚪⚪⚪⚪⚪⚪⚪,1.0,22.0
92,kā,⚪🟢⚪,🟢⚪⚪,🟢🟢⚪⚪⚪⚪,🟢🟢⚪⚪⚪⚪⚪⚪⚪⚪,2.0,24.0
93,śi,⚪🟢⚪,🟢⚪⚪,🟢⚪⚪⚪⚪⚪,🟢⚪⚪⚪⚪⚪⚪⚪⚪⚪,1.0,25.0
94,nī,⚪🟢⚪,🟢⚪⚪,🟢🟢⚪⚪⚪⚪,🟢🟢⚪⚪⚪⚪⚪⚪⚪⚪,2.0,27.0
95,।,⚫⚫⚫,⚫⚫⚫,⚫⚫⚫⚫⚫⚫,⚫⚫⚫⚫⚫⚫⚫⚫⚫⚫,0.0,0.0
96,ta,⚪🟢⚪,🟢⚪⚪,🟢⚪⚪⚪⚪⚪,🟢⚪⚪⚪⚪⚪⚪⚪⚪⚪,1.0,1.0
97,yā̍,⚪⚪🔴,🟢⚪⚪,🟢🟢⚪⚪⚪⚪,🟢🟢🟢⚪⚪⚪⚪⚪⚪⚪,3.0,4.0
98,nas,⚪🟢⚪,🟢⚪⚪,🟢⚪⚪⚪⚪⚪,🟢⚪⚪⚪⚪⚪⚪⚪⚪⚪,1.0,5.0
99,ta̠,🟡⚪⚪,🟢⚪⚪,🟢⚪⚪⚪⚪⚪,🟢⚪⚪⚪⚪⚪⚪⚪⚪⚪,1.0,6.0
100,nu,⚪🟢⚪,🟢⚪⚪,🟢⚪⚪⚪⚪⚪,🟢⚪⚪⚪⚪⚪⚪⚪⚪⚪,1.0,7.0
101,vā̠,🟡⚪⚪,🟢⚪⚪,🟢🟢⚪⚪⚪⚪,🟢🟢⚪⚪⚪⚪⚪⚪⚪⚪,2.0,9.0
102,śan,⚪🟢⚪,🟢⚪⚪,🟢⚪⚪⚪⚪⚪,🟢⚪⚪⚪⚪⚪⚪⚪⚪⚪,1.0,10.0
103,ta̍,⚪⚪🔴,🟢⚪⚪,🟢⚪⚪⚪⚪⚪,🟢🟢⚪⚪⚪⚪⚪⚪⚪⚪,2.0,12.0
104,ma,⚪🟢⚪,🟢⚪⚪,🟢⚪⚪⚪⚪⚪,🟢⚪⚪⚪⚪⚪⚪⚪⚪⚪,1.0,13.0
105,yā̠,🟡⚪⚪,🟢⚪⚪,🟢🟢⚪⚪⚪⚪,🟢🟢⚪⚪⚪⚪⚪⚪⚪⚪,2.0,15.0
106,gi,⚪🟢⚪,🟢⚪⚪,🟢⚪⚪⚪⚪⚪,🟢⚪⚪⚪⚪⚪⚪⚪⚪⚪,1.0,16.0
107,ri̍,⚪⚪🔴,🟢⚪⚪,🟢⚪⚪⚪⚪⚪,🟢🟢⚪⚪⚪⚪⚪⚪⚪⚪,2.0,18.0
108,śan,⚪🟢⚪,🟢⚪⚪,🟢⚪⚪⚪⚪⚪,🟢⚪⚪⚪⚪⚪⚪⚪⚪⚪,1.0,19.0
109,tā̠b,🟡⚪⚪,🟢⚪⚪,🟢🟢⚪⚪⚪⚪,🟢🟢⚪⚪⚪⚪⚪⚪⚪⚪,2.0,21.0
110,hic,⚪🟢⚪,🟢⚪⚪,🟢⚪⚪⚪⚪⚪,🟢⚪⚪⚪⚪⚪⚪⚪⚪⚪,1.0,22.0
111,hā̍,⚪⚪🔴,🟢⚪⚪,🟢🟢⚪⚪⚪⚪,🟢🟢🟢⚪⚪⚪⚪⚪⚪⚪,3.0,25.0
112,ka,⚪🟢⚪,🟢⚪⚪,🟢⚪⚪⚪⚪⚪,🟢⚪⚪⚪⚪⚪⚪⚪⚪⚪,1.0,26.0
113,śī,⚪🟢⚪,🟢⚪⚪,🟢🟢⚪⚪⚪⚪,🟢🟢⚪⚪⚪⚪⚪⚪⚪⚪,2.0,28.0
114,hi,⚪🟢⚪,🟢⚪⚪,🟢⚪⚪⚪⚪⚪,🟢⚪⚪⚪⚪⚪⚪⚪⚪⚪,1.0,29.0
115,॥,⚫⚫⚫,⚫⚫⚫,⚫⚫⚫⚫⚫⚫,⚫⚫⚫⚫⚫⚫⚫⚫⚫⚫,0.0,0.0
116,yā,⚪🟢⚪,🟢⚪⚪,🟢🟢⚪⚪⚪⚪,🟢🟢⚪⚪⚪⚪⚪⚪⚪⚪,2.0,2.0
117,mi,⚪🟢⚪,🟢⚪⚪,🟢⚪⚪⚪⚪⚪,🟢⚪⚪⚪⚪⚪⚪⚪⚪⚪,1.0,3.0
118,ṣu̍-,⚪⚪🔴,🟢⚪⚪,🟢⚪⚪⚪⚪⚪,🟢🟢⚪⚪⚪⚪⚪⚪⚪⚪,2.0,5.0
119,ṅgi,⚪🟢⚪,🟢🟢⚪,🟢⚪⚪⚪⚪⚪,🟢🟢⚪⚪⚪⚪⚪⚪⚪⚪,2.0,7.0
120,ri,⚪🟢⚪,🟢⚪⚪,🟢⚪⚪⚪⚪⚪,🟢⚪⚪⚪⚪⚪⚪⚪⚪⚪,1.0,8.0
121,śan,⚪🟢⚪,🟢⚪⚪,🟢⚪⚪⚪⚪⚪,🟢⚪⚪⚪⚪⚪⚪⚪⚪⚪,1.0,9.0
122,ta̠,🟡⚪⚪,🟢⚪⚪,🟢⚪⚪⚪⚪⚪,🟢⚪⚪⚪⚪⚪⚪⚪⚪⚪,1.0,10.0
123,has,⚪🟢⚪,🟢⚪⚪,🟢⚪⚪⚪⚪⚪,🟢⚪⚪⚪⚪⚪⚪⚪⚪⚪,1.0,11.0
124,tē̠,🟡⚪⚪,🟢⚪⚪,🟢🟢⚪⚪⚪⚪,🟢🟢⚪⚪⚪⚪⚪⚪⚪⚪,2.0,13.0
125,bib,⚪🟢⚪,🟢⚪⚪,🟢⚪⚪⚪⚪⚪,🟢⚪⚪⚪⚪⚪⚪⚪⚪⚪,1.0,14.0
126,ha̠rṣ,🟡⚪⚪,🟢⚪⚪,🟢⚪⚪⚪⚪⚪,🟢⚪⚪⚪⚪⚪⚪⚪⚪⚪,1.0,15.0
127,yas,⚪🟢⚪,🟢⚪⚪,🟢⚪⚪⚪⚪⚪,🟢⚪⚪⚪⚪⚪⚪⚪⚪⚪,1.0,16.0
128,ta̍,⚪⚪🔴,🟢⚪⚪,🟢⚪⚪⚪⚪⚪,🟢🟢⚪⚪⚪⚪⚪⚪⚪⚪,2.0,18.0
129,vē,⚪🟢⚪,🟢⚪⚪,🟢🟢⚪⚪⚪⚪,🟢🟢⚪⚪⚪⚪⚪⚪⚪⚪,2.0,20.0
130,।,⚫⚫⚫,⚫⚫⚫,⚫⚫⚫⚫⚫⚫,⚫⚫⚫⚫⚫⚫⚫⚫⚫⚫,0.0,0.0
131,śi̠,🟡⚪⚪,🟢⚪⚪,🟢⚪⚪⚪⚪⚪,🟢⚪⚪⚪⚪⚪⚪⚪⚪⚪,1.0,1.0
132,vā-,⚪🟢⚪,🟢⚪⚪,🟢🟢⚪⚪⚪⚪,🟢🟢⚪⚪⚪⚪⚪⚪⚪⚪,2.0,3.0
133,ṅgi̍,⚪⚪🔴,🟢🟢⚪,🟢⚪⚪⚪⚪⚪,🟢🟢🟢⚪⚪⚪⚪⚪⚪⚪,3.0,6.0
134,rit,⚪🟢⚪,🟢⚪⚪,🟢⚪⚪⚪⚪⚪,🟢⚪⚪⚪⚪⚪⚪⚪⚪⚪,1.0,7.0
135,ra̠,🟡⚪⚪,🟢⚪⚪,🟢⚪⚪⚪⚪⚪,🟢⚪⚪⚪⚪⚪⚪⚪⚪⚪,1.0,8.0
136,tā-,⚪🟢⚪,🟢⚪⚪,🟢🟢⚪⚪⚪⚪,🟢🟢⚪⚪⚪⚪⚪⚪⚪⚪,2.0,10.0
137,ṅku̍,⚪⚪🔴,🟢⚪⚪,🟢⚪⚪⚪⚪⚪,🟢🟢⚪⚪⚪⚪⚪⚪⚪⚪,2.0,12.0
138,ru̠,🟡⚪⚪,🟢⚪⚪,🟢⚪⚪⚪⚪⚪,🟢⚪⚪⚪⚪⚪⚪⚪⚪⚪,1.0,13.0
139,mā,⚪🟢⚪,🟢⚪⚪,🟢🟢⚪⚪⚪⚪,🟢🟢⚪⚪⚪⚪⚪⚪⚪⚪,2.0,15.0
140,hig̍ṃ,⚪⚪🔴,🟢⚪⚪,🟢⚪⚪⚪⚪⚪,🟢🟢⚪⚪⚪⚪⚪⚪⚪⚪,2.0,17.0
141,sī̠ḥ,🟡⚪⚪,🟢🟢🔴,🟢🟢⚪⚪⚪⚪,🟢🟢🟢🟢⚪⚪⚪⚪⚪⚪,4.0,21.0
142,pu,⚪🟢⚪,🟢⚪⚪,🟢⚪⚪⚪⚪⚪,🟢⚪⚪⚪⚪⚪⚪⚪⚪⚪,1.0,22.0
143,ru̍,⚪⚪🔴,🟢⚪⚪,🟢⚪⚪⚪⚪⚪,🟢🟢⚪⚪⚪⚪⚪⚪⚪⚪,2.0,24.0
144,ṣa̠-,🟡⚪⚪,🟢⚪⚪,🟢⚪⚪⚪⚪⚪,🟢⚪⚪⚪⚪⚪⚪⚪⚪⚪,1.0,25.0
145,ñja,⚪🟢⚪,🟢🟢⚪,🟢⚪⚪⚪⚪⚪,🟢🟢⚪⚪⚪⚪⚪⚪⚪⚪,2.0,27.0
146,ga̍t,⚪⚪🔴,🟢⚪⚪,🟢⚪⚪⚪⚪⚪,🟢🟢⚪⚪⚪⚪⚪⚪⚪⚪,2.0,29.0
147,॥,⚫⚫⚫,⚫⚫⚫,⚫⚫⚫⚫⚫⚫,⚫⚫⚫⚫⚫⚫⚫⚫⚫⚫,0.0,0.0
148,śi̠,🟡⚪⚪,🟢⚪⚪,🟢⚪⚪⚪⚪⚪,🟢⚪⚪⚪⚪⚪⚪⚪⚪⚪,1.0,1.0
149,vē,⚪🟢⚪,🟢⚪⚪,🟢🟢⚪⚪⚪⚪,🟢🟢⚪⚪⚪⚪⚪⚪⚪⚪,2.0,3.0
150,na̠,🟡⚪⚪,🟢⚪⚪,🟢⚪⚪⚪⚪⚪,🟢⚪⚪⚪⚪⚪⚪⚪⚪⚪,1.0,4.0
151,vac,⚪🟢⚪,🟢⚪⚪,🟢⚪⚪⚪⚪⚪,🟢⚪⚪⚪⚪⚪⚪⚪⚪⚪,1.0,5.0
152,ha̍,⚪⚪🔴,🟢⚪⚪,🟢⚪⚪⚪⚪⚪,🟢🟢⚪⚪⚪⚪⚪⚪⚪⚪,2.0,7.0
153,sā,⚪🟢⚪,🟢⚪⚪,🟢🟢⚪⚪⚪⚪,🟢🟢⚪⚪⚪⚪⚪⚪⚪⚪,2.0,9.0
154,tvā̠,🟡⚪⚪,🟢⚪⚪,🟢🟢⚪⚪⚪⚪,🟢🟢⚪⚪⚪⚪⚪⚪⚪⚪,2.0,11.0
155,gi,⚪🟢⚪,🟢⚪⚪,🟢⚪⚪⚪⚪⚪,🟢⚪⚪⚪⚪⚪⚪⚪⚪⚪,1.0,12.0
156,ri̠,🟡⚪⚪,🟢⚪⚪,🟢⚪⚪⚪⚪⚪,🟢⚪⚪⚪⚪⚪⚪⚪⚪⚪,1.0,13.0
157,śāchC,⚪🟢⚪,🟢⚪⚪,🟢🟢⚪⚪⚪⚪,🟢🟢⚪⚪⚪⚪⚪⚪⚪⚪,2.0,15.0
158,hā̍,⚪⚪🔴,🟢⚪⚪,🟢🟢⚪⚪⚪⚪,🟢🟢🟢⚪⚪⚪⚪⚪⚪⚪,3.0,18.0
159,va,⚪🟢⚪,🟢⚪⚪,🟢⚪⚪⚪⚪⚪,🟢⚪⚪⚪⚪⚪⚪⚪⚪⚪,1.0,19.0
160,dā,⚪🟢⚪,🟢⚪⚪,🟢🟢⚪⚪⚪⚪,🟢🟢⚪⚪⚪⚪⚪⚪⚪⚪,2.0,21.0
161,ma,⚪🟢⚪,🟢⚪⚪,🟢⚪⚪⚪⚪⚪,🟢⚪⚪⚪⚪⚪⚪⚪⚪⚪,1.0,22.0
162,si,⚪🟢⚪,🟢⚪⚪,🟢⚪⚪⚪⚪⚪,🟢⚪⚪⚪⚪⚪⚪⚪⚪⚪,1.0,23.0
163,।,⚫⚫⚫,⚫⚫⚫,⚫⚫⚫⚫⚫⚫,⚫⚫⚫⚫⚫⚫⚫⚫⚫⚫,0.0,0.0
164,yat,⚪🟢⚪,🟢⚪⚪,🟢⚪⚪⚪⚪⚪,🟢⚪⚪⚪⚪⚪⚪⚪⚪⚪,1.0,1.0
165,hā̍,⚪⚪🔴,🟢⚪⚪,🟢🟢⚪⚪⚪⚪,🟢🟢🟢⚪⚪⚪⚪⚪⚪⚪,3.0,4.0
166,na̠-,🟡⚪⚪,🟢⚪⚪,🟢⚪⚪⚪⚪⚪,🟢⚪⚪⚪⚪⚪⚪⚪⚪⚪,1.0,5.0
167,ssar,⚪🟢⚪,🟢🟢⚪,🟢⚪⚪⚪⚪⚪,🟢🟢⚪⚪⚪⚪⚪⚪⚪⚪,2.0,7.0
168,va̠,🟡⚪⚪,🟢⚪⚪,🟢⚪⚪⚪⚪⚪,🟢⚪⚪⚪⚪⚪⚪⚪⚪⚪,1.0,8.0
169,mij,⚪🟢⚪,🟢⚪⚪,🟢⚪⚪⚪⚪⚪,🟢⚪⚪⚪⚪⚪⚪⚪⚪⚪,1.0,9.0
170,ja,⚪🟢⚪,🟢⚪⚪,🟢⚪⚪⚪⚪⚪,🟢⚪⚪⚪⚪⚪⚪⚪⚪⚪,1.0,10.0
171,ga̍,⚪⚪🔴,🟢⚪⚪,🟢⚪⚪⚪⚪⚪,🟢🟢⚪⚪⚪⚪⚪⚪⚪⚪,2.0,12.0
172,da,⚪🟢⚪,🟢⚪⚪,🟢⚪⚪⚪⚪⚪,🟢⚪⚪⚪⚪⚪⚪⚪⚪⚪,1.0,13.0
173,ya̠kṣ,🟡⚪⚪,🟢⚪⚪,🟢⚪⚪⚪⚪⚪,🟢⚪⚪⚪⚪⚪⚪⚪⚪⚪,1.0,14.0
174,magṃ,⚪🟢⚪,🟢⚪⚪,🟢⚪⚪⚪⚪⚪,🟢⚪⚪⚪⚪⚪⚪⚪⚪⚪,1.0,15.0
175,su̠,🟡⚪⚪,🟢⚪⚪,🟢⚪⚪⚪⚪⚪,🟢⚪⚪⚪⚪⚪⚪⚪⚪⚪,1.0,16.0
176,ma,⚪🟢⚪,🟢⚪⚪,🟢⚪⚪⚪⚪⚪,🟢⚪⚪⚪⚪⚪⚪⚪⚪⚪,1.0,17.0
177,nā̠,🟡⚪⚪,🟢⚪⚪,🟢🟢⚪⚪⚪⚪,🟢🟢⚪⚪⚪⚪⚪⚪⚪⚪,2.0,19.0
178,a,⚪🟢⚪,🟢⚪⚪,🟢⚪⚪⚪⚪⚪,🟢⚪⚪⚪⚪⚪⚪⚪⚪⚪,1.0,20.0
179,sa̍t,⚪⚪🔴,🟢⚪⚪,🟢⚪⚪⚪⚪⚪,🟢🟢⚪⚪⚪⚪⚪⚪⚪⚪,2.0,22.0
180,॥,⚫⚫⚫,⚫⚫⚫,⚫⚫⚫⚫⚫⚫,⚫⚫⚫⚫⚫⚫⚫⚫⚫⚫,0.0,0.0
181,adh,⚪🟢⚪,🟢⚪⚪,🟢⚪⚪⚪⚪⚪,🟢⚪⚪⚪⚪⚪⚪⚪⚪⚪,1.0,1.0
182,ya̍,⚪⚪🔴,🟢⚪⚪,🟢⚪⚪⚪⚪⚪,🟢🟢⚪⚪⚪⚪⚪⚪⚪⚪,2.0,3.0
183,vōc,⚪🟢⚪,🟢⚪⚪,🟢🟢⚪⚪⚪⚪,🟢🟢⚪⚪⚪⚪⚪⚪⚪⚪,2.0,5.0
184,ha,⚪🟢⚪,🟢⚪⚪,🟢⚪⚪⚪⚪⚪,🟢⚪⚪⚪⚪⚪⚪⚪⚪⚪,1.0,6.0
185,dad,⚪🟢⚪,🟢⚪⚪,🟢⚪⚪⚪⚪⚪,🟢⚪⚪⚪⚪⚪⚪⚪⚪⚪,1.0,7.0
186,hi,⚪🟢⚪,🟢⚪⚪,🟢⚪⚪⚪⚪⚪,🟢⚪⚪⚪⚪⚪⚪⚪⚪⚪,1.0,8.0
187,va̠k,🟡⚪⚪,🟢⚪⚪,🟢⚪⚪⚪⚪⚪,🟢⚪⚪⚪⚪⚪⚪⚪⚪⚪,1.0,9.0
188,tā,⚪🟢⚪,🟢⚪⚪,🟢🟢⚪⚪⚪⚪,🟢🟢⚪⚪⚪⚪⚪⚪⚪⚪,2.0,11.0
189,pra̍t,⚪⚪🔴,🟢⚪⚪,🟢⚪⚪⚪⚪⚪,🟢🟢⚪⚪⚪⚪⚪⚪⚪⚪,2.0,13.0
190,ha̠,🟡⚪⚪,🟢⚪⚪,🟢⚪⚪⚪⚪⚪,🟢⚪⚪⚪⚪⚪⚪⚪⚪⚪,1.0,14.0
191,mō,⚪🟢⚪,🟢⚪⚪,🟢🟢⚪⚪⚪⚪,🟢🟢⚪⚪⚪⚪⚪⚪⚪⚪,2.0,16.0
192,da,⚪🟢⚪,🟢⚪⚪,🟢⚪⚪⚪⚪⚪,🟢⚪⚪⚪⚪⚪⚪⚪⚪⚪,1.0,17.0
193,iv,⚪🟢⚪,🟢⚪⚪,🟢⚪⚪⚪⚪⚪,🟢⚪⚪⚪⚪⚪⚪⚪⚪⚪,1.0,18.0
194,yō̍,⚪⚪🔴,🟢⚪⚪,🟢🟢⚪⚪⚪⚪,🟢🟢🟢⚪⚪⚪⚪⚪⚪⚪,3.0,21.0
195,bhi̠,🟡⚪⚪,🟢⚪⚪,🟢⚪⚪⚪⚪⚪,🟢⚪⚪⚪⚪⚪⚪⚪⚪⚪,1.0,22.0
196,ṣak,⚪🟢⚪,🟢⚪⚪,🟢⚪⚪⚪⚪⚪,🟢⚪⚪⚪⚪⚪⚪⚪⚪⚪,1.0,23.0
197,।,⚫⚫⚫,⚫⚫⚫,⚫⚫⚫⚫⚫⚫,⚫⚫⚫⚫⚫⚫⚫⚫⚫⚫,0.0,0.0
198,a,⚪🟢⚪,🟢⚪⚪,🟢⚪⚪⚪⚪⚪,🟢⚪⚪⚪⚪⚪⚪⚪⚪⚪,1.0,1.0
199,hīg̍śc,⚪⚪🔴,🟢⚪⚪,🟢🟢⚪⚪⚪⚪,🟢🟢🟢⚪⚪⚪⚪⚪⚪⚪,3.0,4.0
200,ha̠,🟡⚪⚪,🟢⚪⚪,🟢⚪⚪⚪⚪⚪,🟢⚪⚪⚪⚪⚪⚪⚪⚪⚪,1.0,5.0
201,sar,⚪🟢⚪,🟢⚪⚪,🟢⚪⚪⚪⚪⚪,🟢⚪⚪⚪⚪⚪⚪⚪⚪⚪,1.0,6.0
202,vā̎m,⚪⚪🔴,🟢🟢🔴,🟢🟢🟢🟢🟢🟢,🟢🟢🟢🟢🟢🟢🟢🟢🟢⚪,9.0,15.0
203,ja̠mb,🟡⚪⚪,🟢⚪⚪,🟢⚪⚪⚪⚪⚪,🟢⚪⚪⚪⚪⚪⚪⚪⚪⚪,1.0,16.0
204,ha,⚪🟢⚪,🟢⚪⚪,🟢⚪⚪⚪⚪⚪,🟢⚪⚪⚪⚪⚪⚪⚪⚪⚪,1.0,17.0
205,ya̠n-,🟡⚪⚪,🟢⚪⚪,🟢⚪⚪⚪⚪⚪,🟢⚪⚪⚪⚪⚪⚪⚪⚪⚪,1.0,18.0
206,thsar,⚪🟢⚪,🟢⚪⚪,🟢⚪⚪⚪⚪⚪,🟢⚪⚪⚪⚪⚪⚪⚪⚪⚪,1.0,19.0
207,vā̎śc,⚪⚪🔴,🟢🟢🔴,🟢🟢🟢🟢🟢🟢,🟢🟢🟢🟢🟢🟢🟢🟢🟢⚪,9.0,28.0
208,ha,⚪🟢⚪,🟢⚪⚪,🟢⚪⚪⚪⚪⚪,🟢⚪⚪⚪⚪⚪⚪⚪⚪⚪,1.0,29.0
209,yā,⚪🟢⚪,🟢⚪⚪,🟢🟢⚪⚪⚪⚪,🟢🟢⚪⚪⚪⚪⚪⚪⚪⚪,2.0,31.0
210,tud,⚪🟢⚪,🟢⚪⚪,🟢⚪⚪⚪⚪⚪,🟢⚪⚪⚪⚪⚪⚪⚪⚪⚪,1.0,32.0
211,hā̠n,🟡⚪⚪,🟢⚪⚪,🟢🟢⚪⚪⚪⚪,🟢🟢⚪⚪⚪⚪⚪⚪⚪⚪,2.0,34.0
212,ya̍ḥ,⚪⚪🔴,🟢🟢🔴,🟢⚪⚪⚪⚪⚪,🟢🟢🟢🟢⚪⚪⚪⚪⚪⚪,4.0,38.0
213,॥,⚫⚫⚫,⚫⚫⚫,⚫⚫⚫⚫⚫⚫,⚫⚫⚫⚫⚫⚫⚫⚫⚫⚫,0.0,0.0
214,a̠,🟡⚪⚪,🟢⚪⚪,🟢⚪⚪⚪⚪⚪,🟢⚪⚪⚪⚪⚪⚪⚪⚪⚪,1.0,1.0
215,sa,⚪🟢⚪,🟢⚪⚪,🟢⚪⚪⚪⚪⚪,🟢⚪⚪⚪⚪⚪⚪⚪⚪⚪,1.0,2.0
216,u,⚪🟢⚪,🟢⚪⚪,🟢⚪⚪⚪⚪⚪,🟢⚪⚪⚪⚪⚪⚪⚪⚪⚪,1.0,3.0
217,yas,⚪🟢⚪,🟢⚪⚪,🟢⚪⚪⚪⚪⚪,🟢⚪⚪⚪⚪⚪⚪⚪⚪⚪,1.0,4.0
218,tā̠m,🟡⚪⚪,🟢⚪⚪,🟢🟢⚪⚪⚪⚪,🟢🟢⚪⚪⚪⚪⚪⚪⚪⚪,2.0,6.0
219,rō,⚪🟢⚪,🟢⚪⚪,🟢🟢⚪⚪⚪⚪,🟢🟢⚪⚪⚪⚪⚪⚪⚪⚪,2.0,8.0
220,a̍,⚪⚪🔴,🟢⚪⚪,🟢⚪⚪⚪⚪⚪,🟢🟢⚪⚪⚪⚪⚪⚪⚪⚪,2.0,10.0
221,ru̠,🟡⚪⚪,🟢⚪⚪,🟢⚪⚪⚪⚪⚪,🟢⚪⚪⚪⚪⚪⚪⚪⚪⚪,1.0,11.0
222,ṇa,⚪🟢⚪,🟢⚪⚪,🟢⚪⚪⚪⚪⚪,🟢⚪⚪⚪⚪⚪⚪⚪⚪⚪,1.0,12.0
223,u̠,🟡⚪⚪,🟢⚪⚪,🟢⚪⚪⚪⚪⚪,🟢⚪⚪⚪⚪⚪⚪⚪⚪⚪,1.0,13.0
224,ta,⚪🟢⚪,🟢⚪⚪,🟢⚪⚪⚪⚪⚪,🟢⚪⚪⚪⚪⚪⚪⚪⚪⚪,1.0,14.0
225,ba̠bh,🟡⚪⚪,🟢⚪⚪,🟢⚪⚪⚪⚪⚪,🟢⚪⚪⚪⚪⚪⚪⚪⚪⚪,1.0,15.0
226,rus,⚪🟢⚪,🟢⚪⚪,🟢⚪⚪⚪⚪⚪,🟢⚪⚪⚪⚪⚪⚪⚪⚪⚪,1.0,16.0
227,su̍,⚪⚪🔴,🟢⚪⚪,🟢⚪⚪⚪⚪⚪,🟢🟢⚪⚪⚪⚪⚪⚪⚪⚪,2.0,18.0
228,ma̠ṅ,🟡⚪⚪,🟢⚪⚪,🟢⚪⚪⚪⚪⚪,🟢⚪⚪⚪⚪⚪⚪⚪⚪⚪,1.0,19.0
229,ga,⚪🟢⚪,🟢⚪⚪,🟢⚪⚪⚪⚪⚪,🟢⚪⚪⚪⚪⚪⚪⚪⚪⚪,1.0,20.0
230,la̍ḥ,⚪⚪🔴,🟢🟢🔴,🟢⚪⚪⚪⚪⚪,🟢🟢🟢🟢⚪⚪⚪⚪⚪⚪,4.0,24.0
231,।,⚫⚫⚫,⚫⚫⚫,⚫⚫⚫⚫⚫⚫,⚫⚫⚫⚫⚫⚫⚫⚫⚫⚫,0.0,0.0
232,yē,⚪🟢⚪,🟢⚪⚪,🟢🟢⚪⚪⚪⚪,🟢🟢⚪⚪⚪⚪⚪⚪⚪⚪,2.0,2.0
233,chē̠,🟡⚪⚪,🟢⚪⚪,🟢🟢⚪⚪⚪⚪,🟢🟢⚪⚪⚪⚪⚪⚪⚪⚪,2.0,4.0
234,māgṃ,⚪🟢⚪,🟢⚪⚪,🟢🟢⚪⚪⚪⚪,🟢🟢⚪⚪⚪⚪⚪⚪⚪⚪,2.0,6.0
235,ru̠d,🟡⚪⚪,🟢⚪⚪,🟢⚪⚪⚪⚪⚪,🟢⚪⚪⚪⚪⚪⚪⚪⚪⚪,1.0,7.0
236,rā,⚪🟢⚪,🟢⚪⚪,🟢🟢⚪⚪⚪⚪,🟢🟢⚪⚪⚪⚪⚪⚪⚪⚪,2.0,9.0
237,a̠b,🟡⚪⚪,🟢⚪⚪,🟢⚪⚪⚪⚪⚪,🟢⚪⚪⚪⚪⚪⚪⚪⚪⚪,1.0,10.0
238,hi,⚪🟢⚪,🟢⚪⚪,🟢⚪⚪⚪⚪⚪,🟢⚪⚪⚪⚪⚪⚪⚪⚪⚪,1.0,11.0
239,tō̍,⚪⚪🔴,🟢⚪⚪,🟢🟢⚪⚪⚪⚪,🟢🟢🟢⚪⚪⚪⚪⚪⚪⚪,3.0,14.0
240,di̠k,🟡⚪⚪,🟢⚪⚪,🟢⚪⚪⚪⚪⚪,🟢⚪⚪⚪⚪⚪⚪⚪⚪⚪,1.0,15.0
241,ṣu,⚪🟢⚪,🟢⚪⚪,🟢⚪⚪⚪⚪⚪,🟢⚪⚪⚪⚪⚪⚪⚪⚪⚪,1.0,16.0
242,śri̠,🟡⚪⚪,🟢⚪⚪,🟢⚪⚪⚪⚪⚪,🟢⚪⚪⚪⚪⚪⚪⚪⚪⚪,1.0,17.0
243,tā-,⚪🟢⚪,🟢⚪⚪,🟢🟢⚪⚪⚪⚪,🟢🟢⚪⚪⚪⚪⚪⚪⚪⚪,2.0,19.0
244,ssa̍,⚪⚪🔴,🟢⚪⚪,🟢⚪⚪⚪⚪⚪,🟢🟢⚪⚪⚪⚪⚪⚪⚪⚪,2.0,21.0
245,has,⚪🟢⚪,🟢⚪⚪,🟢⚪⚪⚪⚪⚪,🟢⚪⚪⚪⚪⚪⚪⚪⚪⚪,1.0,22.0
246,ra̠,🟡⚪⚪,🟢⚪⚪,🟢⚪⚪⚪⚪⚪,🟢⚪⚪⚪⚪⚪⚪⚪⚪⚪,1.0,23.0
247,śō-,⚪🟢⚪,🟢⚪⚪,🟢🟢⚪⚪⚪⚪,🟢🟢⚪⚪⚪⚪⚪⚪⚪⚪,2.0,25.0
248,'va,⚪🟢⚪,🟢⚪⚪,🟢⚪⚪⚪⚪⚪,🟢⚪⚪⚪⚪⚪⚪⚪⚪⚪,1.0,26.0
249,i̍,⚪⚪🔴,🟢⚪⚪,🟢⚪⚪⚪⚪⚪,🟢🟢⚪⚪⚪⚪⚪⚪⚪⚪,2.0,28.0
250,ṣā̠gṃ̠,🟡⚪⚪,🟢⚪⚪,🟢🟢⚪⚪⚪⚪,🟢🟢⚪⚪⚪⚪⚪⚪⚪⚪,2.0,30.0
251,hē,⚪🟢⚪,🟢⚪⚪,🟢🟢⚪⚪⚪⚪,🟢🟢⚪⚪⚪⚪⚪⚪⚪⚪,2.0,32.0
252,ḍa̍,⚪⚪🔴,🟢⚪⚪,🟢⚪⚪⚪⚪⚪,🟢🟢⚪⚪⚪⚪⚪⚪⚪⚪,2.0,34.0
253,ī,⚪🟢⚪,🟢⚪⚪,🟢🟢⚪⚪⚪⚪,🟢🟢⚪⚪⚪⚪⚪⚪⚪⚪,2.0,36.0
254,ma,⚪🟢⚪,🟢⚪⚪,🟢⚪⚪⚪⚪⚪,🟢⚪⚪⚪⚪⚪⚪⚪⚪⚪,1.0,37.0
255,hē,⚪🟢⚪,🟢⚪⚪,🟢🟢⚪⚪⚪⚪,🟢🟢⚪⚪⚪⚪⚪⚪⚪⚪,2.0,39.0
256,॥,⚫⚫⚫,⚫⚫⚫,⚫⚫⚫⚫⚫⚫,⚫⚫⚫⚫⚫⚫⚫⚫⚫⚫,0.0,0.0
257,a̠,🟡⚪⚪,🟢⚪⚪,🟢⚪⚪⚪⚪⚪,🟢⚪⚪⚪⚪⚪⚪⚪⚪⚪,1.0,1.0
258,sa,⚪🟢⚪,🟢⚪⚪,🟢⚪⚪⚪⚪⚪,🟢⚪⚪⚪⚪⚪⚪⚪⚪⚪,1.0,2.0
259,u,⚪🟢⚪,🟢⚪⚪,🟢⚪⚪⚪⚪⚪,🟢⚪⚪⚪⚪⚪⚪⚪⚪⚪,1.0,3.0
260,yō̍-,⚪⚪🔴,🟢⚪⚪,🟢🟢⚪⚪⚪⚪,🟢🟢🟢⚪⚪⚪⚪⚪⚪⚪,3.0,6.0
261,'va̠,🟡⚪⚪,🟢⚪⚪,🟢⚪⚪⚪⚪⚪,🟢⚪⚪⚪⚪⚪⚪⚪⚪⚪,1.0,7.0
262,sar,⚪🟢⚪,🟢⚪⚪,🟢⚪⚪⚪⚪⚪,🟢⚪⚪⚪⚪⚪⚪⚪⚪⚪,1.0,8.0
263,pa̍,⚪⚪🔴,🟢⚪⚪,🟢⚪⚪⚪⚪⚪,🟢🟢⚪⚪⚪⚪⚪⚪⚪⚪,2.0,10.0
264,ti̠,🟡⚪⚪,🟢⚪⚪,🟢⚪⚪⚪⚪⚪,🟢⚪⚪⚪⚪⚪⚪⚪⚪⚪,1.0,11.0
265,nī,⚪🟢⚪,🟢⚪⚪,🟢🟢⚪⚪⚪⚪,🟢🟢⚪⚪⚪⚪⚪⚪⚪⚪,2.0,13.0
266,la̍g,⚪⚪🔴,🟢⚪⚪,🟢⚪⚪⚪⚪⚪,🟢🟢⚪⚪⚪⚪⚪⚪⚪⚪,2.0,15.0
267,rī,⚪🟢⚪,🟢⚪⚪,🟢🟢⚪⚪⚪⚪,🟢🟢⚪⚪⚪⚪⚪⚪⚪⚪,2.0,17.0
268,vō̠,🟡⚪⚪,🟢⚪⚪,🟢🟢⚪⚪⚪⚪,🟢🟢⚪⚪⚪⚪⚪⚪⚪⚪,2.0,19.0
269,vi,⚪🟢⚪,🟢⚪⚪,🟢⚪⚪⚪⚪⚪,🟢⚪⚪⚪⚪⚪⚪⚪⚪⚪,1.0,20.0
270,lō̍,⚪⚪🔴,🟢⚪⚪,🟢🟢⚪⚪⚪⚪,🟢🟢🟢⚪⚪⚪⚪⚪⚪⚪,3.0,23.0
271,hi,⚪🟢⚪,🟢⚪⚪,🟢⚪⚪⚪⚪⚪,🟢⚪⚪⚪⚪⚪⚪⚪⚪⚪,1.0,24.0
272,taḥ,⚪🟢⚪,🟢🟢🔴,🟢⚪⚪⚪⚪⚪,🟢🟢🟢⚪⚪⚪⚪⚪⚪⚪,3.0,27.0
273,।,⚫⚫⚫,⚫⚫⚫,⚫⚫⚫⚫⚫⚫,⚫⚫⚫⚫⚫⚫⚫⚫⚫⚫,0.0,0.0
274,u̠,🟡⚪⚪,🟢⚪⚪,🟢⚪⚪⚪⚪⚪,🟢⚪⚪⚪⚪⚪⚪⚪⚪⚪,1.0,1.0
275,ta,⚪🟢⚪,🟢⚪⚪,🟢⚪⚪⚪⚪⚪,🟢⚪⚪⚪⚪⚪⚪⚪⚪⚪,1.0,2.0
276,i,⚪🟢⚪,🟢⚪⚪,🟢⚪⚪⚪⚪⚪,🟢⚪⚪⚪⚪⚪⚪⚪⚪⚪,1.0,3.0
277,na̍-,⚪⚪🔴,🟢⚪⚪,🟢⚪⚪⚪⚪⚪,🟢🟢⚪⚪⚪⚪⚪⚪⚪⚪,2.0,5.0
278,ṅgō̠,🟡⚪⚪,🟢⚪⚪,🟢🟢⚪⚪⚪⚪,🟢🟢⚪⚪⚪⚪⚪⚪⚪⚪,2.0,7.0
279,pā,⚪🟢⚪,🟢⚪⚪,🟢🟢⚪⚪⚪⚪,🟢🟢⚪⚪⚪⚪⚪⚪⚪⚪,2.0,9.0
280,a̍dṛ,⚪⚪🔴,🟢⚪⚪,🟢⚪⚪⚪⚪⚪,🟢🟢⚪⚪⚪⚪⚪⚪⚪⚪,2.0,11.0
281,śa̠n,🟡⚪⚪,🟢⚪⚪,🟢⚪⚪⚪⚪⚪,🟢⚪⚪⚪⚪⚪⚪⚪⚪⚪,1.0,12.0
282,nadṛ̍,⚪⚪🔴,🟢⚪⚪,🟢⚪⚪⚪⚪⚪,🟢🟢⚪⚪⚪⚪⚪⚪⚪⚪,2.0,14.0
283,śan,⚪🟢⚪,🟢⚪⚪,🟢⚪⚪⚪⚪⚪,🟢⚪⚪⚪⚪⚪⚪⚪⚪⚪,1.0,15.0
284,nu,⚪🟢⚪,🟢⚪⚪,🟢⚪⚪⚪⚪⚪,🟢⚪⚪⚪⚪⚪⚪⚪⚪⚪,1.0,16.0
285,da,⚪🟢⚪,🟢⚪⚪,🟢⚪⚪⚪⚪⚪,🟢⚪⚪⚪⚪⚪⚪⚪⚪⚪,1.0,17.0
286,hā̠r,🟡⚪⚪,🟢⚪⚪,🟢🟢⚪⚪⚪⚪,🟢🟢⚪⚪⚪⚪⚪⚪⚪⚪,2.0,19.0
287,ya̍ḥ,⚪⚪🔴,🟢🟢🔴,🟢⚪⚪⚪⚪⚪,🟢🟢🟢🟢⚪⚪⚪⚪⚪⚪,4.0,23.0
288,।,⚫⚫⚫,⚫⚫⚫,⚫⚫⚫⚫⚫⚫,⚫⚫⚫⚫⚫⚫⚫⚫⚫⚫,0.0,0.0
289,u̠,🟡⚪⚪,🟢⚪⚪,🟢⚪⚪⚪⚪⚪,🟢⚪⚪⚪⚪⚪⚪⚪⚪⚪,1.0,1.0
290,ta,⚪🟢⚪,🟢⚪⚪,🟢⚪⚪⚪⚪⚪,🟢⚪⚪⚪⚪⚪⚪⚪⚪⚪,1.0,2.0
291,i,⚪🟢⚪,🟢⚪⚪,🟢⚪⚪⚪⚪⚪,🟢⚪⚪⚪⚪⚪⚪⚪⚪⚪,1.0,3.0
292,na̠ṃ,🟡⚪⚪,🟢⚪⚪,🟢⚪⚪⚪⚪⚪,🟢⚪⚪⚪⚪⚪⚪⚪⚪⚪,1.0,4.0
293,viś,⚪🟢⚪,🟢⚪⚪,🟢⚪⚪⚪⚪⚪,🟢⚪⚪⚪⚪⚪⚪⚪⚪⚪,1.0,5.0
294,vā̍,⚪⚪🔴,🟢⚪⚪,🟢🟢⚪⚪⚪⚪,🟢🟢🟢⚪⚪⚪⚪⚪⚪⚪,3.0,8.0
295,bhū̠,🟡⚪⚪,🟢⚪⚪,🟢🟢⚪⚪⚪⚪,🟢🟢⚪⚪⚪⚪⚪⚪⚪⚪,2.0,10.0
296,tā,⚪🟢⚪,🟢⚪⚪,🟢🟢⚪⚪⚪⚪,🟢🟢⚪⚪⚪⚪⚪⚪⚪⚪,2.0,12.0
297,ni̠,🟡⚪⚪,🟢⚪⚪,🟢⚪⚪⚪⚪⚪,🟢⚪⚪⚪⚪⚪⚪⚪⚪⚪,1.0,13.0
298,sa,⚪🟢⚪,🟢⚪⚪,🟢⚪⚪⚪⚪⚪,🟢⚪⚪⚪⚪⚪⚪⚪⚪⚪,1.0,14.0
299,dṛ̠ṣṭō,🟡⚪⚪,🟢⚪⚪,🟢🟢⚪⚪⚪⚪,🟢🟢⚪⚪⚪⚪⚪⚪⚪⚪,2.0,16.0
300,mṛ̍ḍa,⚪⚪🔴,🟢⚪⚪,🟢⚪⚪⚪⚪⚪,🟢🟢⚪⚪⚪⚪⚪⚪⚪⚪,2.0,18.0
301,yā,⚪🟢⚪,🟢⚪⚪,🟢🟢⚪⚪⚪⚪,🟢🟢⚪⚪⚪⚪⚪⚪⚪⚪,2.0,20.0
302,ti,⚪🟢⚪,🟢⚪⚪,🟢⚪⚪⚪⚪⚪,🟢⚪⚪⚪⚪⚪⚪⚪⚪⚪,1.0,21.0
303,naḥ,⚪🟢⚪,🟢🟢🔴,🟢⚪⚪⚪⚪⚪,🟢🟢🟢⚪⚪⚪⚪⚪⚪⚪,3.0,24.0
304,॥,⚫⚫⚫,⚫⚫⚫,⚫⚫⚫⚫⚫⚫,⚫⚫⚫⚫⚫⚫⚫⚫⚫⚫,0.0,0.0
305,na,⚪🟢⚪,🟢⚪⚪,🟢⚪⚪⚪⚪⚪,🟢⚪⚪⚪⚪⚪⚪⚪⚪⚪,1.0,1.0
306,mō̍,⚪⚪🔴,🟢⚪⚪,🟢🟢⚪⚪⚪⚪,🟢🟢🟢⚪⚪⚪⚪⚪⚪⚪,3.0,4.0
307,as,⚪🟢⚪,🟢⚪⚪,🟢⚪⚪⚪⚪⚪,🟢⚪⚪⚪⚪⚪⚪⚪⚪⚪,1.0,5.0
308,tu̠,🟡⚪⚪,🟢⚪⚪,🟢⚪⚪⚪⚪⚪,🟢⚪⚪⚪⚪⚪⚪⚪⚪⚪,1.0,6.0
309,nī,⚪🟢⚪,🟢⚪⚪,🟢🟢⚪⚪⚪⚪,🟢🟢⚪⚪⚪⚪⚪⚪⚪⚪,2.0,8.0
310,la̍g,⚪⚪🔴,🟢⚪⚪,🟢⚪⚪⚪⚪⚪,🟢🟢⚪⚪⚪⚪⚪⚪⚪⚪,2.0,10.0
311,rī,⚪🟢⚪,🟢⚪⚪,🟢🟢⚪⚪⚪⚪,🟢🟢⚪⚪⚪⚪⚪⚪⚪⚪,2.0,12.0
312,vā,⚪🟢⚪,🟢⚪⚪,🟢🟢⚪⚪⚪⚪,🟢🟢⚪⚪⚪⚪⚪⚪⚪⚪,2.0,14.0
313,ya,⚪🟢⚪,🟢⚪⚪,🟢⚪⚪⚪⚪⚪,🟢⚪⚪⚪⚪⚪⚪⚪⚪⚪,1.0,15.0
314,sa,⚪🟢⚪,🟢⚪⚪,🟢⚪⚪⚪⚪⚪,🟢⚪⚪⚪⚪⚪⚪⚪⚪⚪,1.0,16.0
315,has,⚪🟢⚪,🟢⚪⚪,🟢⚪⚪⚪⚪⚪,🟢⚪⚪⚪⚪⚪⚪⚪⚪⚪,1.0,17.0
316,rā̠k,🟡⚪⚪,🟢⚪⚪,🟢🟢⚪⚪⚪⚪,🟢🟢⚪⚪⚪⚪⚪⚪⚪⚪,2.0,19.0
317,ṣā,⚪🟢⚪,🟢⚪⚪,🟢🟢⚪⚪⚪⚪,🟢🟢⚪⚪⚪⚪⚪⚪⚪⚪,2.0,21.0
318,ya̍,⚪⚪🔴,🟢⚪⚪,🟢⚪⚪⚪⚪⚪,🟢🟢⚪⚪⚪⚪⚪⚪⚪⚪,2.0,23.0
319,mī̠ḍ,🟡⚪⚪,🟢⚪⚪,🟢🟢⚪⚪⚪⚪,🟢🟢⚪⚪⚪⚪⚪⚪⚪⚪,2.0,25.0
320,hu,⚪🟢⚪,🟢⚪⚪,🟢⚪⚪⚪⚪⚪,🟢⚪⚪⚪⚪⚪⚪⚪⚪⚪,1.0,26.0
321,ṣē̎,⚪⚪🔴,🟢🟢🔴,🟢🟢🟢🟢🟢🟢,🟢🟢🟢🟢🟢🟢🟢🟢🟢⚪,9.0,35.0
322,।,⚫⚫⚫,⚫⚫⚫,⚫⚫⚫⚫⚫⚫,⚫⚫⚫⚫⚫⚫⚫⚫⚫⚫,0.0,0.0
323,at,⚪🟢⚪,🟢⚪⚪,🟢⚪⚪⚪⚪⚪,🟢⚪⚪⚪⚪⚪⚪⚪⚪⚪,1.0,1.0
324,hō̠,🟡⚪⚪,🟢⚪⚪,🟢🟢⚪⚪⚪⚪,🟢🟢⚪⚪⚪⚪⚪⚪⚪⚪,2.0,3.0
325,yē,⚪🟢⚪,🟢⚪⚪,🟢🟢⚪⚪⚪⚪,🟢🟢⚪⚪⚪⚪⚪⚪⚪⚪,2.0,5.0
326,a̍s,⚪⚪🔴,🟢⚪⚪,🟢⚪⚪⚪⚪⚪,🟢🟢⚪⚪⚪⚪⚪⚪⚪⚪,2.0,7.0
327,ya̠,🟡⚪⚪,🟢⚪⚪,🟢⚪⚪⚪⚪⚪,🟢⚪⚪⚪⚪⚪⚪⚪⚪⚪,1.0,8.0
328,sat,⚪🟢⚪,🟢⚪⚪,🟢⚪⚪⚪⚪⚪,🟢⚪⚪⚪⚪⚪⚪⚪⚪⚪,1.0,9.0
329,vā̍,⚪⚪🔴,🟢⚪⚪,🟢🟢⚪⚪⚪⚪,🟢🟢🟢⚪⚪⚪⚪⚪⚪⚪,3.0,12.0
330,nō̠-,🟡⚪⚪,🟢⚪⚪,🟢🟢⚪⚪⚪⚪,🟢🟢⚪⚪⚪⚪⚪⚪⚪⚪,2.0,14.0
331,'ha-,⚪🟢⚪,🟢⚪⚪,🟢⚪⚪⚪⚪⚪,🟢⚪⚪⚪⚪⚪⚪⚪⚪⚪,1.0,15.0
332,ntēbh,⚪🟢⚪,🟢⚪⚪,🟢🟢⚪⚪⚪⚪,🟢🟢⚪⚪⚪⚪⚪⚪⚪⚪,2.0,17.0
333,yō̍-,⚪⚪🔴,🟢⚪⚪,🟢🟢⚪⚪⚪⚪,🟢🟢🟢⚪⚪⚪⚪⚪⚪⚪,3.0,20.0
334,'ka,⚪🟢⚪,🟢⚪⚪,🟢⚪⚪⚪⚪⚪,🟢⚪⚪⚪⚪⚪⚪⚪⚪⚪,1.0,21.0
335,ra̠n,🟡⚪⚪,🟢⚪⚪,🟢⚪⚪⚪⚪⚪,🟢⚪⚪⚪⚪⚪⚪⚪⚪⚪,1.0,22.0
336,na,⚪🟢⚪,🟢⚪⚪,🟢⚪⚪⚪⚪⚪,🟢⚪⚪⚪⚪⚪⚪⚪⚪⚪,1.0,23.0
337,ma̍ḥ,⚪⚪🔴,🟢🟢🔴,🟢⚪⚪⚪⚪⚪,🟢🟢🟢🟢⚪⚪⚪⚪⚪⚪,4.0,27.0
338,॥,⚫⚫⚫,⚫⚫⚫,⚫⚫⚫⚫⚫⚫,⚫⚫⚫⚫⚫⚫⚫⚫⚫⚫,0.0,0.0
339,pra,⚪🟢⚪,🟢⚪⚪,🟢⚪⚪⚪⚪⚪,🟢⚪⚪⚪⚪⚪⚪⚪⚪⚪,1.0,1.0
340,mu̍ñc,⚪⚪🔴,🟢⚪⚪,🟢⚪⚪⚪⚪⚪,🟢🟢⚪⚪⚪⚪⚪⚪⚪⚪,2.0,3.0
341,ha̠,🟡⚪⚪,🟢⚪⚪,🟢⚪⚪⚪⚪⚪,🟢⚪⚪⚪⚪⚪⚪⚪⚪⚪,1.0,4.0
342,dhan,⚪🟢⚪,🟢🟢🔴,🟢⚪⚪⚪⚪⚪,🟢🟢🟢⚪⚪⚪⚪⚪⚪⚪,3.0,7.0
343,va̍,⚪⚪🔴,🟢⚪⚪,🟢⚪⚪⚪⚪⚪,🟢🟢⚪⚪⚪⚪⚪⚪⚪⚪,2.0,9.0
344,na̠st,🟡⚪⚪,🟢⚪⚪,🟢⚪⚪⚪⚪⚪,🟢⚪⚪⚪⚪⚪⚪⚪⚪⚪,1.0,10.0
345,va,⚪🟢⚪,🟢⚪⚪,🟢⚪⚪⚪⚪⚪,🟢⚪⚪⚪⚪⚪⚪⚪⚪⚪,1.0,11.0
346,mu̠b,🟡⚪⚪,🟢⚪⚪,🟢⚪⚪⚪⚪⚪,🟢⚪⚪⚪⚪⚪⚪⚪⚪⚪,1.0,12.0
347,ha,⚪🟢⚪,🟢⚪⚪,🟢⚪⚪⚪⚪⚪,🟢⚪⚪⚪⚪⚪⚪⚪⚪⚪,1.0,13.0
348,yō̠,🟡⚪⚪,🟢⚪⚪,🟢🟢⚪⚪⚪⚪,🟢🟢⚪⚪⚪⚪⚪⚪⚪⚪,2.0,15.0
349,rārt,⚪🟢⚪,🟢⚪⚪,🟢🟢⚪⚪⚪⚪,🟢🟢⚪⚪⚪⚪⚪⚪⚪⚪,2.0,17.0
350,ni̍,⚪⚪🔴,🟢⚪⚪,🟢⚪⚪⚪⚪⚪,🟢🟢⚪⚪⚪⚪⚪⚪⚪⚪,2.0,19.0
351,yō̠rj,🟡⚪⚪,🟢⚪⚪,🟢🟢⚪⚪⚪⚪,🟢🟢⚪⚪⚪⚪⚪⚪⚪⚪,2.0,21.0
352,yām,⚪🟢⚪,🟢⚪⚪,🟢🟢⚪⚪⚪⚪,🟢🟢⚪⚪⚪⚪⚪⚪⚪⚪,2.0,23.0
353,।,⚫⚫⚫,⚫⚫⚫,⚫⚫⚫⚫⚫⚫,⚫⚫⚫⚫⚫⚫⚫⚫⚫⚫,0.0,0.0
354,yāśc,⚪🟢⚪,🟢⚪⚪,🟢🟢⚪⚪⚪⚪,🟢🟢⚪⚪⚪⚪⚪⚪⚪⚪,2.0,2.0
355,ha̍,⚪⚪🔴,🟢⚪⚪,🟢⚪⚪⚪⚪⚪,🟢🟢⚪⚪⚪⚪⚪⚪⚪⚪,2.0,4.0
356,tē̠,🟡⚪⚪,🟢⚪⚪,🟢🟢⚪⚪⚪⚪,🟢🟢⚪⚪⚪⚪⚪⚪⚪⚪,2.0,6.0
357,has,⚪🟢⚪,🟢⚪⚪,🟢⚪⚪⚪⚪⚪,🟢⚪⚪⚪⚪⚪⚪⚪⚪⚪,1.0,7.0
358,ta̠,🟡⚪⚪,🟢⚪⚪,🟢⚪⚪⚪⚪⚪,🟢⚪⚪⚪⚪⚪⚪⚪⚪⚪,1.0,8.0
359,i,⚪🟢⚪,🟢⚪⚪,🟢⚪⚪⚪⚪⚪,🟢⚪⚪⚪⚪⚪⚪⚪⚪⚪,1.0,9.0
360,ṣa̍,⚪⚪🔴,🟢⚪⚪,🟢⚪⚪⚪⚪⚪,🟢🟢⚪⚪⚪⚪⚪⚪⚪⚪,2.0,11.0
361,va̠ḥ,🟡⚪⚪,🟢🟢🔴,🟢⚪⚪⚪⚪⚪,🟢🟢🟢⚪⚪⚪⚪⚪⚪⚪,3.0,14.0
362,pa,⚪🟢⚪,🟢⚪⚪,🟢⚪⚪⚪⚪⚪,🟢⚪⚪⚪⚪⚪⚪⚪⚪⚪,1.0,15.0
363,rā̠,🟡⚪⚪,🟢⚪⚪,🟢🟢⚪⚪⚪⚪,🟢🟢⚪⚪⚪⚪⚪⚪⚪⚪,2.0,17.0
364,tā,⚪🟢⚪,🟢⚪⚪,🟢🟢⚪⚪⚪⚪,🟢🟢⚪⚪⚪⚪⚪⚪⚪⚪,2.0,19.0
365,bha̍,⚪⚪🔴,🟢🟢🔴,🟢⚪⚪⚪⚪⚪,🟢🟢🟢🟢⚪⚪⚪⚪⚪⚪,4.0,23.0
366,ga,⚪🟢⚪,🟢⚪⚪,🟢⚪⚪⚪⚪⚪,🟢⚪⚪⚪⚪⚪⚪⚪⚪⚪,1.0,24.0
367,vō,⚪🟢⚪,🟢⚪⚪,🟢🟢⚪⚪⚪⚪,🟢🟢⚪⚪⚪⚪⚪⚪⚪⚪,2.0,26.0
368,va,⚪🟢⚪,🟢⚪⚪,🟢⚪⚪⚪⚪⚪,🟢⚪⚪⚪⚪⚪⚪⚪⚪⚪,1.0,27.0
369,pa,⚪🟢⚪,🟢⚪⚪,🟢⚪⚪⚪⚪⚪,🟢⚪⚪⚪⚪⚪⚪⚪⚪⚪,1.0,28.0
370,॥,⚫⚫⚫,⚫⚫⚫,⚫⚫⚫⚫⚫⚫,⚫⚫⚫⚫⚫⚫⚫⚫⚫⚫,0.0,0.0
371,a̠,🟡⚪⚪,🟢⚪⚪,🟢⚪⚪⚪⚪⚪,🟢⚪⚪⚪⚪⚪⚪⚪⚪⚪,1.0,1.0
372,va̠,🟡⚪⚪,🟢⚪⚪,🟢⚪⚪⚪⚪⚪,🟢⚪⚪⚪⚪⚪⚪⚪⚪⚪,1.0,2.0
373,tat,⚪🟢⚪,🟢⚪⚪,🟢⚪⚪⚪⚪⚪,🟢⚪⚪⚪⚪⚪⚪⚪⚪⚪,1.0,3.0
374,ya̠,🟡⚪⚪,🟢⚪⚪,🟢⚪⚪⚪⚪⚪,🟢⚪⚪⚪⚪⚪⚪⚪⚪⚪,1.0,4.0
375,dha,⚪🟢⚪,🟢🟢🔴,🟢⚪⚪⚪⚪⚪,🟢🟢🟢⚪⚪⚪⚪⚪⚪⚪,3.0,7.0
376,nu̠st,🟡⚪⚪,🟢⚪⚪,🟢⚪⚪⚪⚪⚪,🟢⚪⚪⚪⚪⚪⚪⚪⚪⚪,1.0,8.0
377,vagṃ,⚪🟢⚪,🟢⚪⚪,🟢⚪⚪⚪⚪⚪,🟢⚪⚪⚪⚪⚪⚪⚪⚪⚪,1.0,9.0
378,sa,⚪🟢⚪,🟢⚪⚪,🟢⚪⚪⚪⚪⚪,🟢⚪⚪⚪⚪⚪⚪⚪⚪⚪,1.0,10.0
379,ha̍s,⚪⚪🔴,🟢⚪⚪,🟢⚪⚪⚪⚪⚪,🟢🟢⚪⚪⚪⚪⚪⚪⚪⚪,2.0,12.0
380,rāk,⚪🟢⚪,🟢⚪⚪,🟢🟢⚪⚪⚪⚪,🟢🟢⚪⚪⚪⚪⚪⚪⚪⚪,2.0,14.0
381,ṣa̠,🟡⚪⚪,🟢⚪⚪,🟢⚪⚪⚪⚪⚪,🟢⚪⚪⚪⚪⚪⚪⚪⚪⚪,1.0,15.0
382,śa,⚪🟢⚪,🟢⚪⚪,🟢⚪⚪⚪⚪⚪,🟢⚪⚪⚪⚪⚪⚪⚪⚪⚪,1.0,16.0
383,tē̍,⚪⚪🔴,🟢⚪⚪,🟢🟢⚪⚪⚪⚪,🟢🟢🟢⚪⚪⚪⚪⚪⚪⚪,3.0,19.0
384,ṣud,⚪🟢⚪,🟢⚪⚪,🟢⚪⚪⚪⚪⚪,🟢⚪⚪⚪⚪⚪⚪⚪⚪⚪,1.0,20.0
385,hē,⚪🟢⚪,🟢⚪⚪,🟢🟢⚪⚪⚪⚪,🟢🟢⚪⚪⚪⚪⚪⚪⚪⚪,2.0,22.0
386,।,⚫⚫⚫,⚫⚫⚫,⚫⚫⚫⚫⚫⚫,⚫⚫⚫⚫⚫⚫⚫⚫⚫⚫,0.0,0.0
387,ni̠,🟡⚪⚪,🟢⚪⚪,🟢⚪⚪⚪⚪⚪,🟢⚪⚪⚪⚪⚪⚪⚪⚪⚪,1.0,1.0
388,śīr,⚪🟢⚪,🟢⚪⚪,🟢🟢⚪⚪⚪⚪,🟢🟢⚪⚪⚪⚪⚪⚪⚪⚪,2.0,3.0
389,ya̍,⚪⚪🔴,🟢⚪⚪,🟢⚪⚪⚪⚪⚪,🟢🟢⚪⚪⚪⚪⚪⚪⚪⚪,2.0,5.0
390,śa̠l,🟡⚪⚪,🟢⚪⚪,🟢⚪⚪⚪⚪⚪,🟢⚪⚪⚪⚪⚪⚪⚪⚪⚪,1.0,6.0
391,yā,⚪🟢⚪,🟢⚪⚪,🟢🟢⚪⚪⚪⚪,🟢🟢⚪⚪⚪⚪⚪⚪⚪⚪,2.0,8.0
392,nā̠-,🟡⚪⚪,🟢⚪⚪,🟢🟢⚪⚪⚪⚪,🟢🟢⚪⚪⚪⚪⚪⚪⚪⚪,2.0,10.0
393,mmuk,⚪🟢⚪,🟢⚪⚪,🟢⚪⚪⚪⚪⚪,🟢⚪⚪⚪⚪⚪⚪⚪⚪⚪,1.0,11.0
394,hā̍,⚪⚪🔴,🟢⚪⚪,🟢🟢⚪⚪⚪⚪,🟢🟢🟢⚪⚪⚪⚪⚪⚪⚪,3.0,14.0
395,śi̠,🟡⚪⚪,🟢⚪⚪,🟢⚪⚪⚪⚪⚪,🟢⚪⚪⚪⚪⚪⚪⚪⚪⚪,1.0,15.0
396,vō,⚪🟢⚪,🟢⚪⚪,🟢🟢⚪⚪⚪⚪,🟢🟢⚪⚪⚪⚪⚪⚪⚪⚪,2.0,17.0
397,na̍-,⚪⚪🔴,🟢⚪⚪,🟢⚪⚪⚪⚪⚪,🟢🟢⚪⚪⚪⚪⚪⚪⚪⚪,2.0,19.0
398,ssu̠,🟡⚪⚪,🟢⚪⚪,🟢⚪⚪⚪⚪⚪,🟢⚪⚪⚪⚪⚪⚪⚪⚪⚪,1.0,20.0
399,ma,⚪🟢⚪,🟢⚪⚪,🟢⚪⚪⚪⚪⚪,🟢⚪⚪⚪⚪⚪⚪⚪⚪⚪,1.0,21.0
400,nā̍,⚪⚪🔴,🟢⚪⚪,🟢🟢⚪⚪⚪⚪,🟢🟢🟢⚪⚪⚪⚪⚪⚪⚪,3.0,24.0
401,bha,⚪🟢⚪,🟢🟢🔴,🟢⚪⚪⚪⚪⚪,🟢🟢🟢⚪⚪⚪⚪⚪⚪⚪,3.0,27.0
402,va,⚪🟢⚪,🟢⚪⚪,🟢⚪⚪⚪⚪⚪,🟢⚪⚪⚪⚪⚪⚪⚪⚪⚪,1.0,28.0
403,॥,⚫⚫⚫,⚫⚫⚫,⚫⚫⚫⚫⚫⚫,⚫⚫⚫⚫⚫⚫⚫⚫⚫⚫,0.0,0.0
404,vij,⚪🟢⚪,🟢⚪⚪,🟢⚪⚪⚪⚪⚪,🟢⚪⚪⚪⚪⚪⚪⚪⚪⚪,1.0,1.0
405,ya̠-,🟡⚪⚪,🟢⚪⚪,🟢⚪⚪⚪⚪⚪,🟢⚪⚪⚪⚪⚪⚪⚪⚪⚪,1.0,2.0
406,ndha,⚪🟢⚪,🟢🟢🔴,🟢⚪⚪⚪⚪⚪,🟢🟢🟢⚪⚪⚪⚪⚪⚪⚪,3.0,5.0
407,nu̍ḥ,⚪⚪🔴,🟢🟢🔴,🟢⚪⚪⚪⚪⚪,🟢🟢🟢🟢⚪⚪⚪⚪⚪⚪,4.0,9.0
408,ka,⚪🟢⚪,🟢⚪⚪,🟢⚪⚪⚪⚪⚪,🟢⚪⚪⚪⚪⚪⚪⚪⚪⚪,1.0,10.0
409,pa̠r,🟡⚪⚪,🟢⚪⚪,🟢⚪⚪⚪⚪⚪,🟢⚪⚪⚪⚪⚪⚪⚪⚪⚪,1.0,11.0
410,di,⚪🟢⚪,🟢⚪⚪,🟢⚪⚪⚪⚪⚪,🟢⚪⚪⚪⚪⚪⚪⚪⚪⚪,1.0,12.0
411,nō̠,🟡⚪⚪,🟢⚪⚪,🟢🟢⚪⚪⚪⚪,🟢🟢⚪⚪⚪⚪⚪⚪⚪⚪,2.0,14.0
412,vi,⚪🟢⚪,🟢⚪⚪,🟢⚪⚪⚪⚪⚪,🟢⚪⚪⚪⚪⚪⚪⚪⚪⚪,1.0,15.0
413,śa̍l,⚪⚪🔴,🟢⚪⚪,🟢⚪⚪⚪⚪⚪,🟢🟢⚪⚪⚪⚪⚪⚪⚪⚪,2.0,17.0
414,yō̠,🟡⚪⚪,🟢⚪⚪,🟢🟢⚪⚪⚪⚪,🟢🟢⚪⚪⚪⚪⚪⚪⚪⚪,2.0,19.0
415,bā,⚪🟢⚪,🟢⚪⚪,🟢🟢⚪⚪⚪⚪,🟢🟢⚪⚪⚪⚪⚪⚪⚪⚪,2.0,21.0
416,ṇa̍,⚪⚪🔴,🟢⚪⚪,🟢⚪⚪⚪⚪⚪,🟢🟢⚪⚪⚪⚪⚪⚪⚪⚪,2.0,23.0
417,vāgṃ,⚪🟢⚪,🟢⚪⚪,🟢🟢⚪⚪⚪⚪,🟢🟢⚪⚪⚪⚪⚪⚪⚪⚪,2.0,25.0
418,u̠,🟡⚪⚪,🟢⚪⚪,🟢⚪⚪⚪⚪⚪,🟢⚪⚪⚪⚪⚪⚪⚪⚪⚪,1.0,26.0
419,ta,⚪🟢⚪,🟢⚪⚪,🟢⚪⚪⚪⚪⚪,🟢⚪⚪⚪⚪⚪⚪⚪⚪⚪,1.0,27.0
420,।,⚫⚫⚫,⚫⚫⚫,⚫⚫⚫⚫⚫⚫,⚫⚫⚫⚫⚫⚫⚫⚫⚫⚫,0.0,0.0
421,a,⚪🟢⚪,🟢⚪⚪,🟢⚪⚪⚪⚪⚪,🟢⚪⚪⚪⚪⚪⚪⚪⚪⚪,1.0,1.0
422,nē̍,⚪⚪🔴,🟢⚪⚪,🟢🟢⚪⚪⚪⚪,🟢🟢🟢⚪⚪⚪⚪⚪⚪⚪,3.0,4.0
423,śan,⚪🟢⚪,🟢⚪⚪,🟢⚪⚪⚪⚪⚪,🟢⚪⚪⚪⚪⚪⚪⚪⚪⚪,1.0,5.0
424,na̠s,🟡⚪⚪,🟢⚪⚪,🟢⚪⚪⚪⚪⚪,🟢⚪⚪⚪⚪⚪⚪⚪⚪⚪,1.0,6.0
425,yē,⚪🟢⚪,🟢⚪⚪,🟢🟢⚪⚪⚪⚪,🟢🟢⚪⚪⚪⚪⚪⚪⚪⚪,2.0,8.0
426,ṣa̍,⚪⚪🔴,🟢⚪⚪,🟢⚪⚪⚪⚪⚪,🟢🟢⚪⚪⚪⚪⚪⚪⚪⚪,2.0,10.0
427,va,⚪🟢⚪,🟢⚪⚪,🟢⚪⚪⚪⚪⚪,🟢⚪⚪⚪⚪⚪⚪⚪⚪⚪,1.0,11.0
428,ā̠b,🟡⚪⚪,🟢⚪⚪,🟢🟢⚪⚪⚪⚪,🟢🟢⚪⚪⚪⚪⚪⚪⚪⚪,2.0,13.0
429,hu,⚪🟢⚪,🟢⚪⚪,🟢⚪⚪⚪⚪⚪,🟢⚪⚪⚪⚪⚪⚪⚪⚪⚪,1.0,14.0
430,ra̍s,⚪⚪🔴,🟢⚪⚪,🟢⚪⚪⚪⚪⚪,🟢🟢⚪⚪⚪⚪⚪⚪⚪⚪,2.0,16.0
431,ya,⚪🟢⚪,🟢⚪⚪,🟢⚪⚪⚪⚪⚪,🟢⚪⚪⚪⚪⚪⚪⚪⚪⚪,1.0,17.0
432,ni,⚪🟢⚪,🟢⚪⚪,🟢⚪⚪⚪⚪⚪,🟢⚪⚪⚪⚪⚪⚪⚪⚪⚪,1.0,18.0
433,ṣa̠ṅ,🟡⚪⚪,🟢⚪⚪,🟢⚪⚪⚪⚪⚪,🟢⚪⚪⚪⚪⚪⚪⚪⚪⚪,1.0,19.0
434,gat,⚪🟢⚪,🟢⚪⚪,🟢⚪⚪⚪⚪⚪,🟢⚪⚪⚪⚪⚪⚪⚪⚪⚪,1.0,20.0
435,hi̍ḥ,⚪⚪🔴,🟢🟢🔴,🟢⚪⚪⚪⚪⚪,🟢🟢🟢🟢⚪⚪⚪⚪⚪⚪,4.0,24.0
436,॥,⚫⚫⚫,⚫⚫⚫,⚫⚫⚫⚫⚫⚫,⚫⚫⚫⚫⚫⚫⚫⚫⚫⚫,0.0,0.0
437,yā,⚪🟢⚪,🟢⚪⚪,🟢🟢⚪⚪⚪⚪,🟢🟢⚪⚪⚪⚪⚪⚪⚪⚪,2.0,2.0
438,tē̍,⚪⚪🔴,🟢⚪⚪,🟢🟢⚪⚪⚪⚪,🟢🟢🟢⚪⚪⚪⚪⚪⚪⚪,3.0,5.0
439,hē̠,🟡⚪⚪,🟢⚪⚪,🟢🟢⚪⚪⚪⚪,🟢🟢⚪⚪⚪⚪⚪⚪⚪⚪,2.0,7.0
440,tir,⚪🟢⚪,🟢⚪⚪,🟢⚪⚪⚪⚪⚪,🟢⚪⚪⚪⚪⚪⚪⚪⚪⚪,1.0,8.0
441,mī̍,⚪⚪🔴,🟢⚪⚪,🟢🟢⚪⚪⚪⚪,🟢🟢🟢⚪⚪⚪⚪⚪⚪⚪,3.0,11.0
442,ḍuṣ,⚪🟢⚪,🟢⚪⚪,🟢⚪⚪⚪⚪⚪,🟢⚪⚪⚪⚪⚪⚪⚪⚪⚪,1.0,12.0
443,ṭa,⚪🟢⚪,🟢⚪⚪,🟢⚪⚪⚪⚪⚪,🟢⚪⚪⚪⚪⚪⚪⚪⚪⚪,1.0,13.0
444,ma̠,🟡⚪⚪,🟢⚪⚪,🟢⚪⚪⚪⚪⚪,🟢⚪⚪⚪⚪⚪⚪⚪⚪⚪,1.0,14.0
445,has,⚪🟢⚪,🟢⚪⚪,🟢⚪⚪⚪⚪⚪,🟢⚪⚪⚪⚪⚪⚪⚪⚪⚪,1.0,15.0
446,tē̍,⚪⚪🔴,🟢⚪⚪,🟢🟢⚪⚪⚪⚪,🟢🟢🟢⚪⚪⚪⚪⚪⚪⚪,3.0,18.0
447,ba̠b,🟡⚪⚪,🟢⚪⚪,🟢⚪⚪⚪⚪⚪,🟢⚪⚪⚪⚪⚪⚪⚪⚪⚪,1.0,19.0
448,hū,⚪🟢⚪,🟢⚪⚪,🟢🟢⚪⚪⚪⚪,🟢🟢⚪⚪⚪⚪⚪⚪⚪⚪,2.0,21.0
449,va̍,⚪⚪🔴,🟢⚪⚪,🟢⚪⚪⚪⚪⚪,🟢🟢⚪⚪⚪⚪⚪⚪⚪⚪,2.0,23.0
450,tē̠,🟡⚪⚪,🟢⚪⚪,🟢🟢⚪⚪⚪⚪,🟢🟢⚪⚪⚪⚪⚪⚪⚪⚪,2.0,25.0
451,dha,⚪🟢⚪,🟢🟢🔴,🟢⚪⚪⚪⚪⚪,🟢🟢🟢⚪⚪⚪⚪⚪⚪⚪,3.0,28.0
452,nu̍ḥ,⚪⚪🔴,🟢🟢🔴,🟢⚪⚪⚪⚪⚪,🟢🟢🟢🟢⚪⚪⚪⚪⚪⚪,4.0,32.0
453,।,⚫⚫⚫,⚫⚫⚫,⚫⚫⚫⚫⚫⚫,⚫⚫⚫⚫⚫⚫⚫⚫⚫⚫,0.0,0.0
454,ta,⚪🟢⚪,🟢⚪⚪,🟢⚪⚪⚪⚪⚪,🟢⚪⚪⚪⚪⚪⚪⚪⚪⚪,1.0,1.0
455,yā̠-,🟡⚪⚪,🟢⚪⚪,🟢🟢⚪⚪⚪⚪,🟢🟢⚪⚪⚪⚪⚪⚪⚪⚪,2.0,3.0
456,'smān,⚪🟢⚪,🟢⚪⚪,🟢🟢⚪⚪⚪⚪,🟢🟢⚪⚪⚪⚪⚪⚪⚪⚪,2.0,5.0
457,vi̠ś,🟡⚪⚪,🟢⚪⚪,🟢⚪⚪⚪⚪⚪,🟢⚪⚪⚪⚪⚪⚪⚪⚪⚪,1.0,6.0
458,va,⚪🟢⚪,🟢⚪⚪,🟢⚪⚪⚪⚪⚪,🟢⚪⚪⚪⚪⚪⚪⚪⚪⚪,1.0,7.0
459,ta̠st,🟡⚪⚪,🟢⚪⚪,🟢⚪⚪⚪⚪⚪,🟢⚪⚪⚪⚪⚪⚪⚪⚪⚪,1.0,8.0
460,va,⚪🟢⚪,🟢⚪⚪,🟢⚪⚪⚪⚪⚪,🟢⚪⚪⚪⚪⚪⚪⚪⚪⚪,1.0,9.0
461,ma̍,⚪⚪🔴,🟢⚪⚪,🟢⚪⚪⚪⚪⚪,🟢🟢⚪⚪⚪⚪⚪⚪⚪⚪,2.0,11.0
462,ya̠kṣ,🟡⚪⚪,🟢⚪⚪,🟢⚪⚪⚪⚪⚪,🟢⚪⚪⚪⚪⚪⚪⚪⚪⚪,1.0,12.0
463,ma,⚪🟢⚪,🟢⚪⚪,🟢⚪⚪⚪⚪⚪,🟢⚪⚪⚪⚪⚪⚪⚪⚪⚪,1.0,13.0
464,yā̠,🟡⚪⚪,🟢⚪⚪,🟢🟢⚪⚪⚪⚪,🟢🟢⚪⚪⚪⚪⚪⚪⚪⚪,2.0,15.0
465,pa,⚪🟢⚪,🟢⚪⚪,🟢⚪⚪⚪⚪⚪,🟢⚪⚪⚪⚪⚪⚪⚪⚪⚪,1.0,16.0
466,ri̍bb,⚪⚪🔴,🟢⚪⚪,🟢⚪⚪⚪⚪⚪,🟢🟢⚪⚪⚪⚪⚪⚪⚪⚪,2.0,18.0
467,hu,⚪🟢⚪,🟢⚪⚪,🟢⚪⚪⚪⚪⚪,🟢⚪⚪⚪⚪⚪⚪⚪⚪⚪,1.0,19.0
468,ja,⚪🟢⚪,🟢⚪⚪,🟢⚪⚪⚪⚪⚪,🟢⚪⚪⚪⚪⚪⚪⚪⚪⚪,1.0,20.0
469,॥,⚫⚫⚫,⚫⚫⚫,⚫⚫⚫⚫⚫⚫,⚫⚫⚫⚫⚫⚫⚫⚫⚫⚫,0.0,0.0
470,na,⚪🟢⚪,🟢⚪⚪,🟢⚪⚪⚪⚪⚪,🟢⚪⚪⚪⚪⚪⚪⚪⚪⚪,1.0,1.0
471,ma̍s,⚪⚪🔴,🟢⚪⚪,🟢⚪⚪⚪⚪⚪,🟢🟢⚪⚪⚪⚪⚪⚪⚪⚪,2.0,3.0
472,tē,⚪🟢⚪,🟢⚪⚪,🟢🟢⚪⚪⚪⚪,🟢🟢⚪⚪⚪⚪⚪⚪⚪⚪,2.0,5.0
473,a̠st,🟡⚪⚪,🟢⚪⚪,🟢⚪⚪⚪⚪⚪,🟢⚪⚪⚪⚪⚪⚪⚪⚪⚪,1.0,6.0
474,vā,⚪🟢⚪,🟢⚪⚪,🟢🟢⚪⚪⚪⚪,🟢🟢⚪⚪⚪⚪⚪⚪⚪⚪,2.0,8.0
475,yu̍d,⚪⚪🔴,🟢⚪⚪,🟢⚪⚪⚪⚪⚪,🟢🟢⚪⚪⚪⚪⚪⚪⚪⚪,2.0,10.0
476,hā̠,🟡⚪⚪,🟢⚪⚪,🟢🟢⚪⚪⚪⚪,🟢🟢⚪⚪⚪⚪⚪⚪⚪⚪,2.0,12.0
477,yā,⚪🟢⚪,🟢⚪⚪,🟢🟢⚪⚪⚪⚪,🟢🟢⚪⚪⚪⚪⚪⚪⚪⚪,2.0,14.0
478,nā̍,⚪⚪🔴,🟢⚪⚪,🟢🟢⚪⚪⚪⚪,🟢🟢🟢⚪⚪⚪⚪⚪⚪⚪,3.0,17.0
479,ta,⚪🟢⚪,🟢⚪⚪,🟢⚪⚪⚪⚪⚪,🟢⚪⚪⚪⚪⚪⚪⚪⚪⚪,1.0,18.0
480,tā,⚪🟢⚪,🟢⚪⚪,🟢🟢⚪⚪⚪⚪,🟢🟢⚪⚪⚪⚪⚪⚪⚪⚪,2.0,20.0
481,ya,⚪🟢⚪,🟢⚪⚪,🟢⚪⚪⚪⚪⚪,🟢⚪⚪⚪⚪⚪⚪⚪⚪⚪,1.0,21.0
482,dhṛ̠ṣṇa,🟡⚪⚪,🟢⚪⚪,🟢⚪⚪⚪⚪⚪,🟢⚪⚪⚪⚪⚪⚪⚪⚪⚪,1.0,22.0
483,vē̎,⚪⚪🔴,🟢🟢🔴,🟢🟢🟢🟢🟢🟢,🟢🟢🟢🟢🟢🟢🟢🟢🟢⚪,9.0,31.0
484,।,⚫⚫⚫,⚫⚫⚫,⚫⚫⚫⚫⚫⚫,⚫⚫⚫⚫⚫⚫⚫⚫⚫⚫,0.0,0.0
485,u̠b,🟡⚪⚪,🟢⚪⚪,🟢⚪⚪⚪⚪⚪,🟢⚪⚪⚪⚪⚪⚪⚪⚪⚪,1.0,1.0
486,hābh,⚪🟢⚪,🟢⚪⚪,🟢🟢⚪⚪⚪⚪,🟢🟢⚪⚪⚪⚪⚪⚪⚪⚪,2.0,3.0
487,yā̍,⚪⚪🔴,🟢⚪⚪,🟢🟢⚪⚪⚪⚪,🟢🟢🟢⚪⚪⚪⚪⚪⚪⚪,3.0,6.0
488,mu̠,🟡⚪⚪,🟢⚪⚪,🟢⚪⚪⚪⚪⚪,🟢⚪⚪⚪⚪⚪⚪⚪⚪⚪,1.0,7.0
489,ta,⚪🟢⚪,🟢⚪⚪,🟢⚪⚪⚪⚪⚪,🟢⚪⚪⚪⚪⚪⚪⚪⚪⚪,1.0,8.0
490,tē̠,🟡⚪⚪,🟢⚪⚪,🟢🟢⚪⚪⚪⚪,🟢🟢⚪⚪⚪⚪⚪⚪⚪⚪,2.0,10.0
491,na,⚪🟢⚪,🟢⚪⚪,🟢⚪⚪⚪⚪⚪,🟢⚪⚪⚪⚪⚪⚪⚪⚪⚪,1.0,11.0
492,mō̍,⚪⚪🔴,🟢⚪⚪,🟢🟢⚪⚪⚪⚪,🟢🟢🟢⚪⚪⚪⚪⚪⚪⚪,3.0,14.0
493,bā̠,🟡⚪⚪,🟢⚪⚪,🟢🟢⚪⚪⚪⚪,🟢🟢⚪⚪⚪⚪⚪⚪⚪⚪,2.0,16.0
494,hubh,⚪🟢⚪,🟢⚪⚪,🟢⚪⚪⚪⚪⚪,🟢⚪⚪⚪⚪⚪⚪⚪⚪⚪,1.0,17.0
495,yā̠-,🟡⚪⚪,🟢⚪⚪,🟢🟢⚪⚪⚪⚪,🟢🟢⚪⚪⚪⚪⚪⚪⚪⚪,2.0,19.0
496,nta,⚪🟢⚪,🟢⚪⚪,🟢⚪⚪⚪⚪⚪,🟢⚪⚪⚪⚪⚪⚪⚪⚪⚪,1.0,20.0
497,va̠,🟡⚪⚪,🟢⚪⚪,🟢⚪⚪⚪⚪⚪,🟢⚪⚪⚪⚪⚪⚪⚪⚪⚪,1.0,21.0
498,dhan,⚪🟢⚪,🟢🟢🔴,🟢⚪⚪⚪⚪⚪,🟢🟢🟢⚪⚪⚪⚪⚪⚪⚪,3.0,24.0
499,va̍,⚪⚪🔴,🟢⚪⚪,🟢⚪⚪⚪⚪⚪,🟢🟢⚪⚪⚪⚪⚪⚪⚪⚪,2.0,26.0
500,nē,⚪🟢⚪,🟢⚪⚪,🟢🟢⚪⚪⚪⚪,🟢🟢⚪⚪⚪⚪⚪⚪⚪⚪,2.0,28.0
501,॥,⚫⚫⚫,⚫⚫⚫,⚫⚫⚫⚫⚫⚫,⚫⚫⚫⚫⚫⚫⚫⚫⚫⚫,0.0,0.0
502,pa,⚪🟢⚪,🟢⚪⚪,🟢⚪⚪⚪⚪⚪,🟢⚪⚪⚪⚪⚪⚪⚪⚪⚪,1.0,1.0
503,ri̍,⚪⚪🔴,🟢⚪⚪,🟢⚪⚪⚪⚪⚪,🟢🟢⚪⚪⚪⚪⚪⚪⚪⚪,2.0,3.0
504,tē̠,🟡⚪⚪,🟢⚪⚪,🟢🟢⚪⚪⚪⚪,🟢🟢⚪⚪⚪⚪⚪⚪⚪⚪,2.0,5.0
505,dhan,⚪🟢⚪,🟢🟢🔴,🟢⚪⚪⚪⚪⚪,🟢🟢🟢⚪⚪⚪⚪⚪⚪⚪,3.0,8.0
506,va̍,⚪⚪🔴,🟢⚪⚪,🟢⚪⚪⚪⚪⚪,🟢🟢⚪⚪⚪⚪⚪⚪⚪⚪,2.0,10.0
507,nō,⚪🟢⚪,🟢⚪⚪,🟢🟢⚪⚪⚪⚪,🟢🟢⚪⚪⚪⚪⚪⚪⚪⚪,2.0,12.0
508,hē̠,🟡⚪⚪,🟢⚪⚪,🟢🟢⚪⚪⚪⚪,🟢🟢⚪⚪⚪⚪⚪⚪⚪⚪,2.0,14.0
509,ti,⚪🟢⚪,🟢⚪⚪,🟢⚪⚪⚪⚪⚪,🟢⚪⚪⚪⚪⚪⚪⚪⚪⚪,1.0,15.0
510,ra̠s,🟡⚪⚪,🟢⚪⚪,🟢⚪⚪⚪⚪⚪,🟢⚪⚪⚪⚪⚪⚪⚪⚪⚪,1.0,16.0
511,mān,⚪🟢⚪,🟢⚪⚪,🟢🟢⚪⚪⚪⚪,🟢🟢⚪⚪⚪⚪⚪⚪⚪⚪,2.0,18.0
512,vṛ̍ṇak,⚪⚪🔴,🟢⚪⚪,🟢⚪⚪⚪⚪⚪,🟢🟢⚪⚪⚪⚪⚪⚪⚪⚪,2.0,20.0
513,tu,⚪🟢⚪,🟢⚪⚪,🟢⚪⚪⚪⚪⚪,🟢⚪⚪⚪⚪⚪⚪⚪⚪⚪,1.0,21.0
514,vi̠ś,🟡⚪⚪,🟢⚪⚪,🟢⚪⚪⚪⚪⚪,🟢⚪⚪⚪⚪⚪⚪⚪⚪⚪,1.0,22.0
515,va,⚪🟢⚪,🟢⚪⚪,🟢⚪⚪⚪⚪⚪,🟢⚪⚪⚪⚪⚪⚪⚪⚪⚪,1.0,23.0
516,ta̍ḥ,⚪⚪🔴,🟢🟢🔴,🟢⚪⚪⚪⚪⚪,🟢🟢🟢🟢⚪⚪⚪⚪⚪⚪,4.0,27.0
517,।,⚫⚫⚫,⚫⚫⚫,⚫⚫⚫⚫⚫⚫,⚫⚫⚫⚫⚫⚫⚫⚫⚫⚫,0.0,0.0
518,at,⚪🟢⚪,🟢⚪⚪,🟢⚪⚪⚪⚪⚪,🟢⚪⚪⚪⚪⚪⚪⚪⚪⚪,1.0,1.0
519,hō̠,🟡⚪⚪,🟢⚪⚪,🟢🟢⚪⚪⚪⚪,🟢🟢⚪⚪⚪⚪⚪⚪⚪⚪,2.0,3.0
520,ya,⚪🟢⚪,🟢⚪⚪,🟢⚪⚪⚪⚪⚪,🟢⚪⚪⚪⚪⚪⚪⚪⚪⚪,1.0,4.0
521,i̍,⚪⚪🔴,🟢⚪⚪,🟢⚪⚪⚪⚪⚪,🟢🟢⚪⚪⚪⚪⚪⚪⚪⚪,2.0,6.0
522,ṣu̠d,🟡⚪⚪,🟢⚪⚪,🟢⚪⚪⚪⚪⚪,🟢⚪⚪⚪⚪⚪⚪⚪⚪⚪,1.0,7.0
523,his,⚪🟢⚪,🟢⚪⚪,🟢⚪⚪⚪⚪⚪,🟢⚪⚪⚪⚪⚪⚪⚪⚪⚪,1.0,8.0
524,ta,⚪🟢⚪,🟢⚪⚪,🟢⚪⚪⚪⚪⚪,🟢⚪⚪⚪⚪⚪⚪⚪⚪⚪,1.0,9.0
525,vā̠,🟡⚪⚪,🟢⚪⚪,🟢🟢⚪⚪⚪⚪,🟢🟢⚪⚪⚪⚪⚪⚪⚪⚪,2.0,11.0
526,rē,⚪🟢⚪,🟢⚪⚪,🟢🟢⚪⚪⚪⚪,🟢🟢⚪⚪⚪⚪⚪⚪⚪⚪,2.0,13.0
527,a̠s,🟡⚪⚪,🟢⚪⚪,🟢⚪⚪⚪⚪⚪,🟢⚪⚪⚪⚪⚪⚪⚪⚪⚪,1.0,14.0
528,man,⚪🟢⚪,🟢⚪⚪,🟢⚪⚪⚪⚪⚪,🟢⚪⚪⚪⚪⚪⚪⚪⚪⚪,1.0,15.0
529,nid,⚪🟢⚪,🟢⚪⚪,🟢⚪⚪⚪⚪⚪,🟢⚪⚪⚪⚪⚪⚪⚪⚪⚪,1.0,16.0
530,hē̍,⚪⚪🔴,🟢⚪⚪,🟢🟢⚪⚪⚪⚪,🟢🟢🟢⚪⚪⚪⚪⚪⚪⚪,3.0,19.0
531,hi̠,🟡⚪⚪,🟢⚪⚪,🟢⚪⚪⚪⚪⚪,🟢⚪⚪⚪⚪⚪⚪⚪⚪⚪,1.0,20.0
532,tam,⚪🟢⚪,🟢⚪⚪,🟢⚪⚪⚪⚪⚪,🟢⚪⚪⚪⚪⚪⚪⚪⚪⚪,1.0,21.0
533,॥,⚫⚫⚫,⚫⚫⚫,⚫⚫⚫⚫⚫⚫,⚫⚫⚫⚫⚫⚫⚫⚫⚫⚫,0.0,0.0